"","v024","v025","country","dataset"
"1","benguela","rural","AO","AOKR71FL"
"2","lunda sul","urban","AO","AOKR71FL"
"3","luanda","urban","AO","AOKR71FL"
"4","cuando cubango","rural","AO","AOKR71FL"
"5","namibe","rural","AO","AOKR71FL"
"6","cabinda","urban","AO","AOKR71FL"
"7","benguela","urban","AO","AOKR71FL"
"8","cuanza sul","rural","AO","AOKR71FL"
"9","malanje","rural","AO","AOKR71FL"
"10","cuando cubango","urban","AO","AOKR71FL"
"11","huíla","urban","AO","AOKR71FL"
"12","lunda norte","rural","AO","AOKR71FL"
"13","huambo","rural","AO","AOKR71FL"
"14","malanje","urban","AO","AOKR71FL"
"15","huíla","rural","AO","AOKR71FL"
"16","moxico","rural","AO","AOKR71FL"
"17","lunda norte","urban","AO","AOKR71FL"
"18","luanda","rural","AO","AOKR71FL"
"19","zaire","urban","AO","AOKR71FL"
"20","bié","urban","AO","AOKR71FL"
"21","bengo","urban","AO","AOKR71FL"
"22","cuanza norte","urban","AO","AOKR71FL"
"23","namibe","urban","AO","AOKR71FL"
"24","cunene","rural","AO","AOKR71FL"
"25","huambo","urban","AO","AOKR71FL"
"26","lunda sul","rural","AO","AOKR71FL"
"27","cabinda","rural","AO","AOKR71FL"
"28","moxico","urban","AO","AOKR71FL"
"29","uíge","rural","AO","AOKR71FL"
"30","bengo","rural","AO","AOKR71FL"
"31","bié","rural","AO","AOKR71FL"
"32","cuanza norte","rural","AO","AOKR71FL"
"33","uíge","urban","AO","AOKR71FL"
"34","cuanza sul","urban","AO","AOKR71FL"
"35","cunene","urban","AO","AOKR71FL"
"36","zaire","rural","AO","AOKR71FL"
"37","boucle du mouhoun","rural","BF","BFKR81FL"
"38","boucle du mouhoun","urban","BF","BFKR81FL"
"39","cascades","rural","BF","BFKR81FL"
"40","cascades","urban","BF","BFKR81FL"
"41","centre","urban","BF","BFKR81FL"
"42","centre","rural","BF","BFKR81FL"
"43","centre est","rural","BF","BFKR81FL"
"44","centre est","urban","BF","BFKR81FL"
"45","centre nord","rural","BF","BFKR81FL"
"46","centre nord","urban","BF","BFKR81FL"
"47","centre ouest","rural","BF","BFKR81FL"
"48","centre ouest","urban","BF","BFKR81FL"
"49","centre sud","rural","BF","BFKR81FL"
"50","centre sud","urban","BF","BFKR81FL"
"51","est","rural","BF","BFKR81FL"
"52","est","urban","BF","BFKR81FL"
"53","hauts-bassins","urban","BF","BFKR81FL"
"54","hauts-bassins","rural","BF","BFKR81FL"
"55","nord","rural","BF","BFKR81FL"
"56","nord","urban","BF","BFKR81FL"
"57","plateau central","rural","BF","BFKR81FL"
"58","plateau central","urban","BF","BFKR81FL"
"59","sahel","urban","BF","BFKR81FL"
"60","sahel","rural","BF","BFKR81FL"
"61","sud-ouest","rural","BF","BFKR81FL"
"62","sud-ouest","urban","BF","BFKR81FL"
"63","alibori","rural","BJ","BJKR71FL"
"64","alibori","urban","BJ","BJKR71FL"
"65","atacora","rural","BJ","BJKR71FL"
"66","atacora","urban","BJ","BJKR71FL"
"67","atlantic","urban","BJ","BJKR71FL"
"68","atlantic","rural","BJ","BJKR71FL"
"69","borgou","rural","BJ","BJKR71FL"
"70","borgou","urban","BJ","BJKR71FL"
"71","collines","rural","BJ","BJKR71FL"
"72","collines","urban","BJ","BJKR71FL"
"73","couffo","urban","BJ","BJKR71FL"
"74","couffo","rural","BJ","BJKR71FL"
"75","donga","rural","BJ","BJKR71FL"
"76","donga","urban","BJ","BJKR71FL"
"77","littoral","urban","BJ","BJKR71FL"
"78","mono","rural","BJ","BJKR71FL"
"79","mono","urban","BJ","BJKR71FL"
"80","ouémé","urban","BJ","BJKR71FL"
"81","ouémé","rural","BJ","BJKR71FL"
"82","plateau","urban","BJ","BJKR71FL"
"83","plateau","rural","BJ","BJKR71FL"
"84","zou","rural","BJ","BJKR71FL"
"85","zou","urban","BJ","BJKR71FL"
"86","cankuzo","rural","BU","BUKR71FL"
"87","karusi","rural","BU","BUKR71FL"
"88","karusi","urban","BU","BUKR71FL"
"89","ruyigi","rural","BU","BUKR71FL"
"90","bujumbura mairie","urban","BU","BUKR71FL"
"91","rutana","rural","BU","BUKR71FL"
"92","gitega","rural","BU","BUKR71FL"
"93","ngozi","rural","BU","BUKR71FL"
"94","cibitoke","rural","BU","BUKR71FL"
"95","gitega","urban","BU","BUKR71FL"
"96","muramvya","rural","BU","BUKR71FL"
"97","rutana","urban","BU","BUKR71FL"
"98","mwaro","rural","BU","BUKR71FL"
"99","kirundo","rural","BU","BUKR71FL"
"100","kayanza","rural","BU","BUKR71FL"
"101","bubanza","urban","BU","BUKR71FL"
"102","ngozi","urban","BU","BUKR71FL"
"103","muyinga","rural","BU","BUKR71FL"
"104","bujumbura rural","urban","BU","BUKR71FL"
"105","bubanza","rural","BU","BUKR71FL"
"106","makamba","rural","BU","BUKR71FL"
"107","kayanza","urban","BU","BUKR71FL"
"108","bururi","rural","BU","BUKR71FL"
"109","rumonge","urban","BU","BUKR71FL"
"110","bujumbura rural","rural","BU","BUKR71FL"
"111","kirundo","urban","BU","BUKR71FL"
"112","rumonge","rural","BU","BUKR71FL"
"113","makamba","urban","BU","BUKR71FL"
"114","bururi","urban","BU","BUKR71FL"
"115","mwaro","urban","BU","BUKR71FL"
"116","cibitoke","urban","BU","BUKR71FL"
"117","cankuzo","urban","BU","BUKR71FL"
"118","muyinga","urban","BU","BUKR71FL"
"119","muramvya","urban","BU","BUKR71FL"
"120","ruyigi","urban","BU","BUKR71FL"
"121","equateur","rural","CD","CDKR61FL"
"122","kinshasa","urban","CD","CDKR61FL"
"123","bandundu","rural","CD","CDKR61FL"
"124","sud-kivu","rural","CD","CDKR61FL"
"125","orientale","rural","CD","CDKR61FL"
"126","kasai-occidental","rural","CD","CDKR61FL"
"127","katanga","rural","CD","CDKR61FL"
"128","orientale","urban","CD","CDKR61FL"
"129","nord-kivu","rural","CD","CDKR61FL"
"130","bas-congo","rural","CD","CDKR61FL"
"131","bandundu","urban","CD","CDKR61FL"
"132","kasai-oriental","rural","CD","CDKR61FL"
"133","nord-kivu","urban","CD","CDKR61FL"
"134","equateur","urban","CD","CDKR61FL"
"135","maniema","urban","CD","CDKR61FL"
"136","maniema","rural","CD","CDKR61FL"
"137","katanga","urban","CD","CDKR61FL"
"138","kasai-occidental","urban","CD","CDKR61FL"
"139","bas-congo","urban","CD","CDKR61FL"
"140","kasai-oriental","urban","CD","CDKR61FL"
"141","sud-kivu","urban","CD","CDKR61FL"
"142","rs i","urban","CF","CFKR31FL"
"143","rs i","rural","CF","CFKR31FL"
"144","rs ii","urban","CF","CFKR31FL"
"145","rs ii","rural","CF","CFKR31FL"
"146","rs iii","urban","CF","CFKR31FL"
"147","rs iii","rural","CF","CFKR31FL"
"148","rs iv","urban","CF","CFKR31FL"
"149","rs iv","rural","CF","CFKR31FL"
"150","rs v","urban","CF","CFKR31FL"
"151","rs v","rural","CF","CFKR31FL"
"152","bangui","urban","CF","CFKR31FL"
"153","kouilou","rural","CG","CGKR61FL"
"154","niari","urban","CG","CGKR61FL"
"155","niari","rural","CG","CGKR61FL"
"156","lekoumou","rural","CG","CGKR61FL"
"157","bouenza","urban","CG","CGKR61FL"
"158","bouenza","rural","CG","CGKR61FL"
"159","pool","rural","CG","CGKR61FL"
"160","plateaux","rural","CG","CGKR61FL"
"161","cuvette","rural","CG","CGKR61FL"
"162","cuvette - ouest","rural","CG","CGKR61FL"
"163","sangha","urban","CG","CGKR61FL"
"164","sangha","rural","CG","CGKR61FL"
"165","likouala","rural","CG","CGKR61FL"
"166","brazzaville","urban","CG","CGKR61FL"
"167","pointe-noire","urban","CG","CGKR61FL"
"168","abidjan","urban","CI","CIKR81FL"
"169","abidjan","rural","CI","CIKR81FL"
"170","sassandra-marahoue","urban","CI","CIKR81FL"
"171","sassandra-marahoue","rural","CI","CIKR81FL"
"172","savanes","rural","CI","CIKR81FL"
"173","savanes","urban","CI","CIKR81FL"
"174","vallee du bandama","urban","CI","CIKR81FL"
"175","vallee du bandama","rural","CI","CIKR81FL"
"176","comoe","urban","CI","CIKR81FL"
"177","comoe","rural","CI","CIKR81FL"
"178","montagnes","rural","CI","CIKR81FL"
"179","montagnes","urban","CI","CIKR81FL"
"180","yamoussoukro","rural","CI","CIKR81FL"
"181","yamoussoukro","urban","CI","CIKR81FL"
"182","zanzan","rural","CI","CIKR81FL"
"183","zanzan","urban","CI","CIKR81FL"
"184","bas sassandra","rural","CI","CIKR81FL"
"185","bas sassandra","urban","CI","CIKR81FL"
"186","denguele","rural","CI","CIKR81FL"
"187","denguele","urban","CI","CIKR81FL"
"188","lacs","rural","CI","CIKR81FL"
"189","lacs","urban","CI","CIKR81FL"
"190","woroba","urban","CI","CIKR81FL"
"191","woroba","rural","CI","CIKR81FL"
"192","goh-djiboua","urban","CI","CIKR81FL"
"193","goh-djiboua","rural","CI","CIKR81FL"
"194","lagunes","rural","CI","CIKR81FL"
"195","lagunes","urban","CI","CIKR81FL"
"196","far-north","urban","CM","CMKR71FL"
"197","east","rural","CM","CMKR71FL"
"198","centre (without yaounde)","urban","CM","CMKR71FL"
"199","yaounde","urban","CM","CMKR71FL"
"200","adamawa","rural","CM","CMKR71FL"
"201","north-west","urban","CM","CMKR71FL"
"202","far-north","rural","CM","CMKR71FL"
"203","littoral (without douala)","urban","CM","CMKR71FL"
"204","douala","urban","CM","CMKR71FL"
"205","south","urban","CM","CMKR71FL"
"206","south","rural","CM","CMKR71FL"
"207","west","rural","CM","CMKR71FL"
"208","south-west","urban","CM","CMKR71FL"
"209","centre (without yaounde)","rural","CM","CMKR71FL"
"210","east","urban","CM","CMKR71FL"
"211","north-west","rural","CM","CMKR71FL"
"212","north","rural","CM","CMKR71FL"
"213","north","urban","CM","CMKR71FL"
"214","west","urban","CM","CMKR71FL"
"215","littoral (without douala)","rural","CM","CMKR71FL"
"216","adamawa","urban","CM","CMKR71FL"
"217","tigray","urban","ET","ETKR81FL"
"218","tigray","rural","ET","ETKR81FL"
"219","afar","urban","ET","ETKR81FL"
"220","afar","rural","ET","ETKR81FL"
"221","amhara","urban","ET","ETKR81FL"
"222","amhara","rural","ET","ETKR81FL"
"223","oromia","urban","ET","ETKR81FL"
"224","oromia","rural","ET","ETKR81FL"
"225","somali","urban","ET","ETKR81FL"
"226","somali","rural","ET","ETKR81FL"
"227","benishangul","urban","ET","ETKR81FL"
"228","benishangul","rural","ET","ETKR81FL"
"229","snnpr","urban","ET","ETKR81FL"
"230","snnpr","rural","ET","ETKR81FL"
"231","gambela","urban","ET","ETKR81FL"
"232","gambela","rural","ET","ETKR81FL"
"233","harari","urban","ET","ETKR81FL"
"234","harari","rural","ET","ETKR81FL"
"235","addis adaba","urban","ET","ETKR81FL"
"236","dire dawa","urban","ET","ETKR81FL"
"237","dire dawa","rural","ET","ETKR81FL"
"238","ngounié","urban","GA","GAKR71FL"
"239","nyanga","urban","GA","GAKR71FL"
"240","haut-ogooué","urban","GA","GAKR71FL"
"241","port-gentil","urban","GA","GAKR71FL"
"242","ogooué-ivindo","rural","GA","GAKR71FL"
"243","libreville","urban","GA","GAKR71FL"
"244","haut-ogooué","rural","GA","GAKR71FL"
"245","ngounié","rural","GA","GAKR71FL"
"246","ogooué-lolo","urban","GA","GAKR71FL"
"247","estuaire","urban","GA","GAKR71FL"
"248","woleu-ntem","urban","GA","GAKR71FL"
"249","ogooué-ivindo","urban","GA","GAKR71FL"
"250","ogooué-maritime","urban","GA","GAKR71FL"
"251","ogooué-lolo","rural","GA","GAKR71FL"
"252","woleu-ntem","rural","GA","GAKR71FL"
"253","estuaire","rural","GA","GAKR71FL"
"254","ogooué-maritime","rural","GA","GAKR71FL"
"255","moyen-ogooué","urban","GA","GAKR71FL"
"256","moyen-ogooué","rural","GA","GAKR71FL"
"257","nyanga","rural","GA","GAKR71FL"
"258","western","rural","GH","GHKR8CFL"
"259","western","urban","GH","GHKR8CFL"
"260","central","rural","GH","GHKR8CFL"
"261","central","urban","GH","GHKR8CFL"
"262","greater accra","urban","GH","GHKR8CFL"
"263","greater accra","rural","GH","GHKR8CFL"
"264","volta","rural","GH","GHKR8CFL"
"265","volta","urban","GH","GHKR8CFL"
"266","eastern","urban","GH","GHKR8CFL"
"267","eastern","rural","GH","GHKR8CFL"
"268","ashanti","urban","GH","GHKR8CFL"
"269","ashanti","rural","GH","GHKR8CFL"
"270","western north","rural","GH","GHKR8CFL"
"271","western north","urban","GH","GHKR8CFL"
"272","ahafo","urban","GH","GHKR8CFL"
"273","ahafo","rural","GH","GHKR8CFL"
"274","bono","rural","GH","GHKR8CFL"
"275","bono","urban","GH","GHKR8CFL"
"276","bono east","rural","GH","GHKR8CFL"
"277","bono east","urban","GH","GHKR8CFL"
"278","oti","rural","GH","GHKR8CFL"
"279","oti","urban","GH","GHKR8CFL"
"280","northern","rural","GH","GHKR8CFL"
"281","northern","urban","GH","GHKR8CFL"
"282","savannah","rural","GH","GHKR8CFL"
"283","savannah","urban","GH","GHKR8CFL"
"284","north east","rural","GH","GHKR8CFL"
"285","north east","urban","GH","GHKR8CFL"
"286","upper east","rural","GH","GHKR8CFL"
"287","upper east","urban","GH","GHKR8CFL"
"288","upper west","rural","GH","GHKR8CFL"
"289","upper west","urban","GH","GHKR8CFL"
"290","banjul","urban","GM","GMKR81FL"
"291","kanifing","urban","GM","GMKR81FL"
"292","brikama","urban","GM","GMKR81FL"
"293","brikama","rural","GM","GMKR81FL"
"294","mansakonko","urban","GM","GMKR81FL"
"295","mansakonko","rural","GM","GMKR81FL"
"296","kerewan","urban","GM","GMKR81FL"
"297","kerewan","rural","GM","GMKR81FL"
"298","kuntaur","urban","GM","GMKR81FL"
"299","kuntaur","rural","GM","GMKR81FL"
"300","janjanbureh","urban","GM","GMKR81FL"
"301","janjanbureh","rural","GM","GMKR81FL"
"302","basse","urban","GM","GMKR81FL"
"303","basse","rural","GM","GMKR81FL"
"304","mamou","urban","GN","GNKR71FL"
"305","mamou","rural","GN","GNKR71FL"
"306","n'zérékoré","rural","GN","GNKR71FL"
"307","kindia","rural","GN","GNKR71FL"
"308","conakry","urban","GN","GNKR71FL"
"309","kankan","rural","GN","GNKR71FL"
"310","boké","rural","GN","GNKR71FL"
"311","faranah","rural","GN","GNKR71FL"
"312","labé","rural","GN","GNKR71FL"
"313","kindia","urban","GN","GNKR71FL"
"314","kankan","urban","GN","GNKR71FL"
"315","labé","urban","GN","GNKR71FL"
"316","boké","urban","GN","GNKR71FL"
"317","faranah","urban","GN","GNKR71FL"
"318","n'zérékoré","urban","GN","GNKR71FL"
"319","mombasa","urban","KE","KEKR8CFL"
"320","kwale","rural","KE","KEKR8CFL"
"321","kwale","urban","KE","KEKR8CFL"
"322","kilifi","rural","KE","KEKR8CFL"
"323","kilifi","urban","KE","KEKR8CFL"
"324","tana river","urban","KE","KEKR8CFL"
"325","tana river","rural","KE","KEKR8CFL"
"326","lamu","rural","KE","KEKR8CFL"
"327","lamu","urban","KE","KEKR8CFL"
"328","taita taveta","rural","KE","KEKR8CFL"
"329","taita taveta","urban","KE","KEKR8CFL"
"330","garissa","rural","KE","KEKR8CFL"
"331","garissa","urban","KE","KEKR8CFL"
"332","wajir","rural","KE","KEKR8CFL"
"333","wajir","urban","KE","KEKR8CFL"
"334","mandera","rural","KE","KEKR8CFL"
"335","mandera","urban","KE","KEKR8CFL"
"336","marsabit","rural","KE","KEKR8CFL"
"337","marsabit","urban","KE","KEKR8CFL"
"338","isiolo","rural","KE","KEKR8CFL"
"339","isiolo","urban","KE","KEKR8CFL"
"340","meru","urban","KE","KEKR8CFL"
"341","meru","rural","KE","KEKR8CFL"
"342","tharaka-nithi","rural","KE","KEKR8CFL"
"343","tharaka-nithi","urban","KE","KEKR8CFL"
"344","embu","rural","KE","KEKR8CFL"
"345","embu","urban","KE","KEKR8CFL"
"346","kitui","rural","KE","KEKR8CFL"
"347","kitui","urban","KE","KEKR8CFL"
"348","machakos","urban","KE","KEKR8CFL"
"349","machakos","rural","KE","KEKR8CFL"
"350","makueni","rural","KE","KEKR8CFL"
"351","makueni","urban","KE","KEKR8CFL"
"352","nyandarua","rural","KE","KEKR8CFL"
"353","nyandarua","urban","KE","KEKR8CFL"
"354","nyeri","rural","KE","KEKR8CFL"
"355","nyeri","urban","KE","KEKR8CFL"
"356","kirinyaga","rural","KE","KEKR8CFL"
"357","kirinyaga","urban","KE","KEKR8CFL"
"358","murang'a","rural","KE","KEKR8CFL"
"359","murang'a","urban","KE","KEKR8CFL"
"360","kiambu","rural","KE","KEKR8CFL"
"361","kiambu","urban","KE","KEKR8CFL"
"362","turkana","rural","KE","KEKR8CFL"
"363","turkana","urban","KE","KEKR8CFL"
"364","west pokot","urban","KE","KEKR8CFL"
"365","west pokot","rural","KE","KEKR8CFL"
"366","samburu","rural","KE","KEKR8CFL"
"367","samburu","urban","KE","KEKR8CFL"
"368","trans nzoia","rural","KE","KEKR8CFL"
"369","trans nzoia","urban","KE","KEKR8CFL"
"370","uasin gishu","rural","KE","KEKR8CFL"
"371","uasin gishu","urban","KE","KEKR8CFL"
"372","elgeyo-marakwet","urban","KE","KEKR8CFL"
"373","elgeyo-marakwet","rural","KE","KEKR8CFL"
"374","nandi","rural","KE","KEKR8CFL"
"375","nandi","urban","KE","KEKR8CFL"
"376","baringo","rural","KE","KEKR8CFL"
"377","baringo","urban","KE","KEKR8CFL"
"378","laikipia","rural","KE","KEKR8CFL"
"379","laikipia","urban","KE","KEKR8CFL"
"380","nakuru","rural","KE","KEKR8CFL"
"381","nakuru","urban","KE","KEKR8CFL"
"382","narok","rural","KE","KEKR8CFL"
"383","narok","urban","KE","KEKR8CFL"
"384","kajiado","urban","KE","KEKR8CFL"
"385","kajiado","rural","KE","KEKR8CFL"
"386","kericho","rural","KE","KEKR8CFL"
"387","kericho","urban","KE","KEKR8CFL"
"388","bomet","rural","KE","KEKR8CFL"
"389","bomet","urban","KE","KEKR8CFL"
"390","kakamega","urban","KE","KEKR8CFL"
"391","kakamega","rural","KE","KEKR8CFL"
"392","vihiga","rural","KE","KEKR8CFL"
"393","vihiga","urban","KE","KEKR8CFL"
"394","bungoma","rural","KE","KEKR8CFL"
"395","bungoma","urban","KE","KEKR8CFL"
"396","busia","rural","KE","KEKR8CFL"
"397","busia","urban","KE","KEKR8CFL"
"398","siaya","rural","KE","KEKR8CFL"
"399","siaya","urban","KE","KEKR8CFL"
"400","kisumu","rural","KE","KEKR8CFL"
"401","kisumu","urban","KE","KEKR8CFL"
"402","homa bay","urban","KE","KEKR8CFL"
"403","homa bay","rural","KE","KEKR8CFL"
"404","migori","rural","KE","KEKR8CFL"
"405","migori","urban","KE","KEKR8CFL"
"406","kisii","rural","KE","KEKR8CFL"
"407","kisii","urban","KE","KEKR8CFL"
"408","nyamira","rural","KE","KEKR8CFL"
"409","nyamira","urban","KE","KEKR8CFL"
"410","nairobi","urban","KE","KEKR8CFL"
"411","Mohéli","Rural","KM","KMKR61FL"
"412","Mohéli","Urban","KM","KMKR61FL"
"413","Ndzouani","Rural","KM","KMKR61FL"
"414","Ndzouani","Urban","KM","KMKR61FL"
"415","Ngazidja","Rural","KM","KMKR61FL"
"416","Ngazidja","Urban","KM","KMKR61FL"
"417","north western","rural","LB","LBKR7AFL"
"418","south eastern a","rural","LB","LBKR7AFL"
"419","south central","rural","LB","LBKR7AFL"
"420","south central","urban","LB","LBKR7AFL"
"421","south eastern b","rural","LB","LBKR7AFL"
"422","north western","urban","LB","LBKR7AFL"
"423","north central","rural","LB","LBKR7AFL"
"424","north central","urban","LB","LBKR7AFL"
"425","south eastern b","urban","LB","LBKR7AFL"
"426","south eastern a","urban","LB","LBKR7AFL"
"427","butha-buthe","rural","LS","LSKR81FL"
"428","butha-buthe","urban","LS","LSKR81FL"
"429","leribe","rural","LS","LSKR81FL"
"430","leribe","urban","LS","LSKR81FL"
"431","berea","rural","LS","LSKR81FL"
"432","berea","urban","LS","LSKR81FL"
"433","maseru","rural","LS","LSKR81FL"
"434","maseru","urban","LS","LSKR81FL"
"435","mafeteng","rural","LS","LSKR81FL"
"436","mafeteng","urban","LS","LSKR81FL"
"437","mohale's hoek","rural","LS","LSKR81FL"
"438","mohale's hoek","urban","LS","LSKR81FL"
"439","quthing","rural","LS","LSKR81FL"
"440","quthing","urban","LS","LSKR81FL"
"441","qacha's nek","rural","LS","LSKR81FL"
"442","thaba-tseka","rural","LS","LSKR81FL"
"443","qacha's nek","urban","LS","LSKR81FL"
"444","mokhotlong","rural","LS","LSKR81FL"
"445","mokhotlong","urban","LS","LSKR81FL"
"446","thaba-tseka","urban","LS","LSKR81FL"
"447","antananarivo","urban","MD","MDKR81FL"
"448","analamanga","rural","MD","MDKR81FL"
"449","analamanga","urban","MD","MDKR81FL"
"450","vakinankaratra","urban","MD","MDKR81FL"
"451","vakinankaratra","rural","MD","MDKR81FL"
"452","itasy","urban","MD","MDKR81FL"
"453","itasy","rural","MD","MDKR81FL"
"454","bongolava","urban","MD","MDKR81FL"
"455","bongolava","rural","MD","MDKR81FL"
"456","haute matsiatra","urban","MD","MDKR81FL"
"457","haute matsiatra","rural","MD","MDKR81FL"
"458","amoron i mania","urban","MD","MDKR81FL"
"459","amoron i mania","rural","MD","MDKR81FL"
"460","vatovavy fitovinany","urban","MD","MDKR81FL"
"461","vatovavy fitovinany","rural","MD","MDKR81FL"
"462","ihorombe","urban","MD","MDKR81FL"
"463","ihorombe","rural","MD","MDKR81FL"
"464","atsimo atsinanana","urban","MD","MDKR81FL"
"465","atsimo atsinanana","rural","MD","MDKR81FL"
"466","atsinanana","urban","MD","MDKR81FL"
"467","atsinanana","rural","MD","MDKR81FL"
"468","analanjirofo","urban","MD","MDKR81FL"
"469","analanjirofo","rural","MD","MDKR81FL"
"470","alaotra mangoro","urban","MD","MDKR81FL"
"471","alaotra mangoro","rural","MD","MDKR81FL"
"472","boeny","urban","MD","MDKR81FL"
"473","boeny","rural","MD","MDKR81FL"
"474","sofia","rural","MD","MDKR81FL"
"475","sofia","urban","MD","MDKR81FL"
"476","betsiboka","urban","MD","MDKR81FL"
"477","betsiboka","rural","MD","MDKR81FL"
"478","melaky","urban","MD","MDKR81FL"
"479","melaky","rural","MD","MDKR81FL"
"480","atsimo andrefana","urban","MD","MDKR81FL"
"481","atsimo andrefana","rural","MD","MDKR81FL"
"482","androy","urban","MD","MDKR81FL"
"483","androy","rural","MD","MDKR81FL"
"484","anosy","urban","MD","MDKR81FL"
"485","anosy","rural","MD","MDKR81FL"
"486","menabe","urban","MD","MDKR81FL"
"487","menabe","rural","MD","MDKR81FL"
"488","diana","urban","MD","MDKR81FL"
"489","diana","rural","MD","MDKR81FL"
"490","sava","urban","MD","MDKR81FL"
"491","sava","rural","MD","MDKR81FL"
"492","kayes","rural","ML","MLKR7AFL"
"493","kayes","urban","ML","MLKR7AFL"
"494","koulikoro","rural","ML","MLKR7AFL"
"495","koulikoro","urban","ML","MLKR7AFL"
"496","sikasso","rural","ML","MLKR7AFL"
"497","sikasso","urban","ML","MLKR7AFL"
"498","segou","rural","ML","MLKR7AFL"
"499","segou","urban","ML","MLKR7AFL"
"500","mopti","rural","ML","MLKR7AFL"
"501","mopti","urban","ML","MLKR7AFL"
"502","toumbouctou","rural","ML","MLKR7AFL"
"503","toumbouctou","urban","ML","MLKR7AFL"
"504","gao","rural","ML","MLKR7AFL"
"505","gao","urban","ML","MLKR7AFL"
"506","kidal","urban","ML","MLKR7AFL"
"507","bamako","urban","ML","MLKR7AFL"
"508","hodh echargui","urban","MR","MRKR71FL"
"509","hodh echargui","rural","MR","MRKR71FL"
"510","hodh gharbi","urban","MR","MRKR71FL"
"511","hodh gharbi","rural","MR","MRKR71FL"
"512","assaba","urban","MR","MRKR71FL"
"513","assaba","rural","MR","MRKR71FL"
"514","gorgol","urban","MR","MRKR71FL"
"515","gorgol","rural","MR","MRKR71FL"
"516","brakna","urban","MR","MRKR71FL"
"517","brakna","rural","MR","MRKR71FL"
"518","trarza","urban","MR","MRKR71FL"
"519","trarza","rural","MR","MRKR71FL"
"520","adrar","urban","MR","MRKR71FL"
"521","adrar","rural","MR","MRKR71FL"
"522","dakhlet nouadhibou","rural","MR","MRKR71FL"
"523","dakhlet nouadhibou","urban","MR","MRKR71FL"
"524","tiris zemour et inchiri","rural","MR","MRKR71FL"
"525","tagant","urban","MR","MRKR71FL"
"526","tagant","rural","MR","MRKR71FL"
"527","guidimagha","urban","MR","MRKR71FL"
"528","guidimagha","rural","MR","MRKR71FL"
"529","tiris zemour et inchiri","urban","MR","MRKR71FL"
"530","nouakchott nord","urban","MR","MRKR71FL"
"531","nouakchott ouest","urban","MR","MRKR71FL"
"532","nouakchott sud","urban","MR","MRKR71FL"
"533","central region","urban","MW","MWKR7AFL"
"534","central region","rural","MW","MWKR7AFL"
"535","southern region","rural","MW","MWKR7AFL"
"536","northern region","rural","MW","MWKR7AFL"
"537","northern region","urban","MW","MWKR7AFL"
"538","southern region","urban","MW","MWKR7AFL"
"539","niassa","urban","MZ","MZKR81FL"
"540","niassa","rural","MZ","MZKR81FL"
"541","cabo delgado","urban","MZ","MZKR81FL"
"542","cabo delgado","rural","MZ","MZKR81FL"
"543","nampula","urban","MZ","MZKR81FL"
"544","nampula","rural","MZ","MZKR81FL"
"545","zambézia","urban","MZ","MZKR81FL"
"546","zambézia","rural","MZ","MZKR81FL"
"547","tete","urban","MZ","MZKR81FL"
"548","tete","rural","MZ","MZKR81FL"
"549","manica","urban","MZ","MZKR81FL"
"550","manica","rural","MZ","MZKR81FL"
"551","sofala","urban","MZ","MZKR81FL"
"552","sofala","rural","MZ","MZKR81FL"
"553","inhambane","urban","MZ","MZKR81FL"
"554","inhambane","rural","MZ","MZKR81FL"
"555","gaza","urban","MZ","MZKR81FL"
"556","gaza","rural","MZ","MZKR81FL"
"557","maputo","urban","MZ","MZKR81FL"
"558","maputo","rural","MZ","MZKR81FL"
"559","cidade de maputo","urban","MZ","MZKR81FL"
"560","north central","urban","NG","NGKR7BFL"
"561","north central","rural","NG","NGKR7BFL"
"562","north east","urban","NG","NGKR7BFL"
"563","north east","rural","NG","NGKR7BFL"
"564","north west","urban","NG","NGKR7BFL"
"565","north west","rural","NG","NGKR7BFL"
"566","south east","urban","NG","NGKR7BFL"
"567","south east","rural","NG","NGKR7BFL"
"568","south south","urban","NG","NGKR7BFL"
"569","south south","rural","NG","NGKR7BFL"
"570","south west","urban","NG","NGKR7BFL"
"571","south west","rural","NG","NGKR7BFL"
"572","Zinder","Rural","NI","NIKR61FL"
"573","Maradi","Rural","NI","NIKR61FL"
"574","Diffa","Rural","NI","NIKR61FL"
"575","Tahoua","Rural","NI","NIKR61FL"
"576","Tahoua","Urban","NI","NIKR61FL"
"577","Dosso","Rural","NI","NIKR61FL"
"578","Tillaberi","Rural","NI","NIKR61FL"
"579","Niamey","Urban","NI","NIKR61FL"
"580","Agadez","Urban","NI","NIKR61FL"
"581","Maradi","Urban","NI","NIKR61FL"
"582","Zinder","Urban","NI","NIKR61FL"
"583","Agadez","Rural","NI","NIKR61FL"
"584","Dosso","Urban","NI","NIKR61FL"
"585","Diffa","Urban","NI","NIKR61FL"
"586","Tillaberi","Urban","NI","NIKR61FL"
"587","caprivi","rural","NM","NMKR61FL"
"588","khomas","urban","NM","NMKR61FL"
"589","omusati","rural","NM","NMKR61FL"
"590","oshana","rural","NM","NMKR61FL"
"591","omusati","urban","NM","NMKR61FL"
"592","omaheke","rural","NM","NMKR61FL"
"593","hardap","rural","NM","NMKR61FL"
"594","otjozondjupa","rural","NM","NMKR61FL"
"595","karas","urban","NM","NMKR61FL"
"596","oshikoto","rural","NM","NMKR61FL"
"597","kavango","urban","NM","NMKR61FL"
"598","erongo","urban","NM","NMKR61FL"
"599","hardap","urban","NM","NMKR61FL"
"600","karas","rural","NM","NMKR61FL"
"601","kunene","rural","NM","NMKR61FL"
"602","otjozondjupa","urban","NM","NMKR61FL"
"603","oshana","urban","NM","NMKR61FL"
"604","kavango","rural","NM","NMKR61FL"
"605","kunene","urban","NM","NMKR61FL"
"606","omaheke","urban","NM","NMKR61FL"
"607","caprivi","urban","NM","NMKR61FL"
"608","ohangwena","rural","NM","NMKR61FL"
"609","erongo","rural","NM","NMKR61FL"
"610","oshikoto","urban","NM","NMKR61FL"
"611","ohangwena","urban","NM","NMKR61FL"
"612","khomas","rural","NM","NMKR61FL"
"613","kigali","rural","RW","RWKR81FL"
"614","south","rural","RW","RWKR81FL"
"615","north","rural","RW","RWKR81FL"
"616","east","rural","RW","RWKR81FL"
"617","west","rural","RW","RWKR81FL"
"618","north","urban","RW","RWKR81FL"
"619","kigali","urban","RW","RWKR81FL"
"620","east","urban","RW","RWKR81FL"
"621","west","urban","RW","RWKR81FL"
"622","south","urban","RW","RWKR81FL"
"623","southern","rural","SL","SLKR7AFL"
"624","northern","rural","SL","SLKR7AFL"
"625","western","urban","SL","SLKR7AFL"
"626","eastern","rural","SL","SLKR7AFL"
"627","north western","rural","SL","SLKR7AFL"
"628","eastern","urban","SL","SLKR7AFL"
"629","western","rural","SL","SLKR7AFL"
"630","northern","urban","SL","SLKR7AFL"
"631","north western","urban","SL","SLKR7AFL"
"632","southern","urban","SL","SLKR7AFL"
"633","dakar","urban","SN","SNKR8SFL"
"634","dakar","rural","SN","SNKR8SFL"
"635","ziguinchor","urban","SN","SNKR8SFL"
"636","ziguinchor","rural","SN","SNKR8SFL"
"637","diourbel","urban","SN","SNKR8SFL"
"638","diourbel","rural","SN","SNKR8SFL"
"639","saint-louis","urban","SN","SNKR8SFL"
"640","saint-louis","rural","SN","SNKR8SFL"
"641","tambacounda","urban","SN","SNKR8SFL"
"642","tambacounda","rural","SN","SNKR8SFL"
"643","kaolack","urban","SN","SNKR8SFL"
"644","kaolack","rural","SN","SNKR8SFL"
"645","thičs","urban","SN","SNKR8SFL"
"646","thičs","rural","SN","SNKR8SFL"
"647","louga","urban","SN","SNKR8SFL"
"648","louga","rural","SN","SNKR8SFL"
"649","fatick","urban","SN","SNKR8SFL"
"650","fatick","rural","SN","SNKR8SFL"
"651","kolda","urban","SN","SNKR8SFL"
"652","kolda","rural","SN","SNKR8SFL"
"653","matam","urban","SN","SNKR8SFL"
"654","matam","rural","SN","SNKR8SFL"
"655","kaffrine","urban","SN","SNKR8SFL"
"656","kaffrine","rural","SN","SNKR8SFL"
"657","kedougou","urban","SN","SNKR8SFL"
"658","kedougou","rural","SN","SNKR8SFL"
"659","sedhiou","urban","SN","SNKR8SFL"
"660","sedhiou","rural","SN","SNKR8SFL"
"661","regiăo do principe","rural","ST","STKR51FL"
"662","regiăo centro","urban","ST","STKR51FL"
"663","regiăo norte","rural","ST","STKR51FL"
"664","regiăo norte","urban","ST","STKR51FL"
"665","regiăo sul","urban","ST","STKR51FL"
"666","regiăo sul","rural","ST","STKR51FL"
"667","regiăo centro","rural","ST","STKR51FL"
"668","regiăo do principe","urban","ST","STKR51FL"
"669","manzini","urban","SZ","SZKR51FL"
"670","manzini","rural","SZ","SZKR51FL"
"671","hhohho","urban","SZ","SZKR51FL"
"672","hhohho","rural","SZ","SZKR51FL"
"673","lubombo","urban","SZ","SZKR51FL"
"674","lubombo","rural","SZ","SZKR51FL"
"675","shiselweni","urban","SZ","SZKR51FL"
"676","shiselweni","rural","SZ","SZKR51FL"
"677","moyen chari","urban","TD","TDKR71FL"
"678","ouaddaď","urban","TD","TDKR71FL"
"679","borkou/tibesti","rural","TD","TDKR71FL"
"680","chari baguirmi","rural","TD","TDKR71FL"
"681","tandjilé","rural","TD","TDKR71FL"
"682","kanem","rural","TD","TDKR71FL"
"683","borkou/tibesti","urban","TD","TDKR71FL"
"684","moyen chari","rural","TD","TDKR71FL"
"685","ennedi","rural","TD","TDKR71FL"
"686","hadjer-lamis","urban","TD","TDKR71FL"
"687","mandoul","rural","TD","TDKR71FL"
"688","mandoul","urban","TD","TDKR71FL"
"689","lac","rural","TD","TDKR71FL"
"690","n'djaména","urban","TD","TDKR71FL"
"691","mayo kebbi est","rural","TD","TDKR71FL"
"692","guéra","rural","TD","TDKR71FL"
"693","wadi fira","rural","TD","TDKR71FL"
"694","mayo kebbi est","urban","TD","TDKR71FL"
"695","mayo kebbi ouest","rural","TD","TDKR71FL"
"696","batha","rural","TD","TDKR71FL"
"697","salamat","rural","TD","TDKR71FL"
"698","sila","urban","TD","TDKR71FL"
"699","sila","rural","TD","TDKR71FL"
"700","barh el gazal","urban","TD","TDKR71FL"
"701","barh el gazal","rural","TD","TDKR71FL"
"702","hadjer-lamis","rural","TD","TDKR71FL"
"703","guéra","urban","TD","TDKR71FL"
"704","logone oriental","urban","TD","TDKR71FL"
"705","logone oriental","rural","TD","TDKR71FL"
"706","batha","urban","TD","TDKR71FL"
"707","logone occidental","urban","TD","TDKR71FL"
"708","salamat","urban","TD","TDKR71FL"
"709","ennedi","urban","TD","TDKR71FL"
"710","wadi fira","urban","TD","TDKR71FL"
"711","logone occidental","rural","TD","TDKR71FL"
"712","ouaddaď","rural","TD","TDKR71FL"
"713","mayo kebbi ouest","urban","TD","TDKR71FL"
"714","tandjilé","urban","TD","TDKR71FL"
"715","kanem","urban","TD","TDKR71FL"
"716","lac","urban","TD","TDKR71FL"
"717","chari baguirmi","urban","TD","TDKR71FL"
"718","grande agglomération de lomé","urban","TG","TGKR61FL"
"719","kara","rural","TG","TGKR61FL"
"720","plateaux","rural","TG","TGKR61FL"
"721","savanes","rural","TG","TGKR61FL"
"722","maritime (sans agglomération de lomé)","rural","TG","TGKR61FL"
"723","centrale","rural","TG","TGKR61FL"
"724","savanes","urban","TG","TGKR61FL"
"725","plateaux","urban","TG","TGKR61FL"
"726","centrale","urban","TG","TGKR61FL"
"727","kara","urban","TG","TGKR61FL"
"728","maritime (sans agglomération de lomé)","urban","TG","TGKR61FL"
"729","dodoma","rural","TZ","TZKR82FL"
"730","dodoma","urban","TZ","TZKR82FL"
"731","arusha","urban","TZ","TZKR82FL"
"732","arusha","rural","TZ","TZKR82FL"
"733","kilimanjaro","rural","TZ","TZKR82FL"
"734","kilimanjaro","urban","TZ","TZKR82FL"
"735","tanga","urban","TZ","TZKR82FL"
"736","tanga","rural","TZ","TZKR82FL"
"737","morogoro","urban","TZ","TZKR82FL"
"738","morogoro","rural","TZ","TZKR82FL"
"739","pwani","rural","TZ","TZKR82FL"
"740","pwani","urban","TZ","TZKR82FL"
"741","dar es salaam","urban","TZ","TZKR82FL"
"742","lindi","rural","TZ","TZKR82FL"
"743","lindi","urban","TZ","TZKR82FL"
"744","mtwara","rural","TZ","TZKR82FL"
"745","mtwara","urban","TZ","TZKR82FL"
"746","ruvuma","urban","TZ","TZKR82FL"
"747","ruvuma","rural","TZ","TZKR82FL"
"748","iringa","rural","TZ","TZKR82FL"
"749","iringa","urban","TZ","TZKR82FL"
"750","mbeya","rural","TZ","TZKR82FL"
"751","mbeya","urban","TZ","TZKR82FL"
"752","singida","rural","TZ","TZKR82FL"
"753","singida","urban","TZ","TZKR82FL"
"754","tabora","rural","TZ","TZKR82FL"
"755","tabora","urban","TZ","TZKR82FL"
"756","rukwa","rural","TZ","TZKR82FL"
"757","rukwa","urban","TZ","TZKR82FL"
"758","kigoma","urban","TZ","TZKR82FL"
"759","kigoma","rural","TZ","TZKR82FL"
"760","shinyanga","urban","TZ","TZKR82FL"
"761","shinyanga","rural","TZ","TZKR82FL"
"762","kagera","rural","TZ","TZKR82FL"
"763","kagera","urban","TZ","TZKR82FL"
"764","mwanza","rural","TZ","TZKR82FL"
"765","mwanza","urban","TZ","TZKR82FL"
"766","mara","rural","TZ","TZKR82FL"
"767","mara","urban","TZ","TZKR82FL"
"768","manyara","rural","TZ","TZKR82FL"
"769","manyara","urban","TZ","TZKR82FL"
"770","njombe","urban","TZ","TZKR82FL"
"771","njombe","rural","TZ","TZKR82FL"
"772","katavi","rural","TZ","TZKR82FL"
"773","katavi","urban","TZ","TZKR82FL"
"774","simiyu","rural","TZ","TZKR82FL"
"775","simiyu","urban","TZ","TZKR82FL"
"776","geita","rural","TZ","TZKR82FL"
"777","geita","urban","TZ","TZKR82FL"
"778","songwe","urban","TZ","TZKR82FL"
"779","songwe","rural","TZ","TZKR82FL"
"780","kaskazini unguja","rural","TZ","TZKR82FL"
"781","kaskazini unguja","urban","TZ","TZKR82FL"
"782","kusini unguja","rural","TZ","TZKR82FL"
"783","kusini unguja","urban","TZ","TZKR82FL"
"784","mjini magharibi","urban","TZ","TZKR82FL"
"785","mjini magharibi","rural","TZ","TZKR82FL"
"786","kaskazini pemba","urban","TZ","TZKR82FL"
"787","kaskazini pemba","rural","TZ","TZKR82FL"
"788","kusini pemba","urban","TZ","TZKR82FL"
"789","kusini pemba","rural","TZ","TZKR82FL"
"790","kampala","urban","UG","UGKR7BFL"
"791","south buganda","rural","UG","UGKR7BFL"
"792","south buganda","urban","UG","UGKR7BFL"
"793","north buganda","rural","UG","UGKR7BFL"
"794","north buganda","urban","UG","UGKR7BFL"
"795","busoga","rural","UG","UGKR7BFL"
"796","busoga","urban","UG","UGKR7BFL"
"797","bukedi","rural","UG","UGKR7BFL"
"798","bukedi","urban","UG","UGKR7BFL"
"799","bugisu","rural","UG","UGKR7BFL"
"800","bugisu","urban","UG","UGKR7BFL"
"801","teso","rural","UG","UGKR7BFL"
"802","teso","urban","UG","UGKR7BFL"
"803","karamoja","rural","UG","UGKR7BFL"
"804","karamoja","urban","UG","UGKR7BFL"
"805","lango","rural","UG","UGKR7BFL"
"806","lango","urban","UG","UGKR7BFL"
"807","acholi","rural","UG","UGKR7BFL"
"808","acholi","urban","UG","UGKR7BFL"
"809","west nile","rural","UG","UGKR7BFL"
"810","west nile","urban","UG","UGKR7BFL"
"811","bunyoro","rural","UG","UGKR7BFL"
"812","bunyoro","urban","UG","UGKR7BFL"
"813","tooro","rural","UG","UGKR7BFL"
"814","tooro","urban","UG","UGKR7BFL"
"815","ankole","rural","UG","UGKR7BFL"
"816","ankole","urban","UG","UGKR7BFL"
"817","kigezi","rural","UG","UGKR7BFL"
"818","kigezi","urban","UG","UGKR7BFL"
"819","gauteng","urban","ZA","ZAKR71FL"
"820","kwazulu-natal","rural","ZA","ZAKR71FL"
"821","free state","urban","ZA","ZAKR71FL"
"822","mpumalanga","rural","ZA","ZAKR71FL"
"823","eastern cape","rural","ZA","ZAKR71FL"
"824","eastern cape","urban","ZA","ZAKR71FL"
"825","north west","urban","ZA","ZAKR71FL"
"826","north west","rural","ZA","ZAKR71FL"
"827","kwazulu-natal","urban","ZA","ZAKR71FL"
"828","mpumalanga","urban","ZA","ZAKR71FL"
"829","western cape","urban","ZA","ZAKR71FL"
"830","free state","rural","ZA","ZAKR71FL"
"831","northern cape","urban","ZA","ZAKR71FL"
"832","northern cape","rural","ZA","ZAKR71FL"
"833","limpopo","rural","ZA","ZAKR71FL"
"834","western cape","rural","ZA","ZAKR71FL"
"835","gauteng","rural","ZA","ZAKR71FL"
"836","limpopo","urban","ZA","ZAKR71FL"
"837","eastern","rural","ZM","ZMKR71FL"
"838","copperbelt","rural","ZM","ZMKR71FL"
"839","northern","urban","ZM","ZMKR71FL"
"840","central","urban","ZM","ZMKR71FL"
"841","central","rural","ZM","ZMKR71FL"
"842","muchinga","urban","ZM","ZMKR71FL"
"843","southern","urban","ZM","ZMKR71FL"
"844","southern","rural","ZM","ZMKR71FL"
"845","muchinga","rural","ZM","ZMKR71FL"
"846","northern","rural","ZM","ZMKR71FL"
"847","luapula","urban","ZM","ZMKR71FL"
"848","luapula","rural","ZM","ZMKR71FL"
"849","western","rural","ZM","ZMKR71FL"
"850","north western","urban","ZM","ZMKR71FL"
"851","north western","rural","ZM","ZMKR71FL"
"852","lusaka","rural","ZM","ZMKR71FL"
"853","lusaka","urban","ZM","ZMKR71FL"
"854","western","urban","ZM","ZMKR71FL"
"855","copperbelt","urban","ZM","ZMKR71FL"
"856","eastern","urban","ZM","ZMKR71FL"
"857","mashonaland east","rural","ZW","ZWKR72FL"
"858","masvingo","rural","ZW","ZWKR72FL"
"859","harare","urban","ZW","ZWKR72FL"
"860","mashonaland west","rural","ZW","ZWKR72FL"
"861","bulawayo","urban","ZW","ZWKR72FL"
"862","mashonaland east","urban","ZW","ZWKR72FL"
"863","mashonaland central","urban","ZW","ZWKR72FL"
"864","manicaland","rural","ZW","ZWKR72FL"
"865","midlands","urban","ZW","ZWKR72FL"
"866","midlands","rural","ZW","ZWKR72FL"
"867","mashonaland central","rural","ZW","ZWKR72FL"
"868","matabeleland north","rural","ZW","ZWKR72FL"
"869","matabeleland south","rural","ZW","ZWKR72FL"
"870","mashonaland west","urban","ZW","ZWKR72FL"
"871","manicaland","urban","ZW","ZWKR72FL"
"872","matabeleland north","urban","ZW","ZWKR72FL"
"873","masvingo","urban","ZW","ZWKR72FL"
"874","harare","rural","ZW","ZWKR72FL"
"875","matabeleland south","urban","ZW","ZWKR72FL"
