"Iso code","Admin-1 unit","Rurality","Age group","age_in_days_midpoint","infection_class","units","value"
"SLE","Eastern","rural/urban merged","n_age_0_6",3,"clinical","ppy",0.0929713378221294
"SLE","Eastern","rural/urban merged","n_age_7_13",10,"clinical","ppy",0.14703928091489
"SLE","Eastern","rural/urban merged","n_age_14_20",17,"clinical","ppy",0.132252320350561
"SLE","Eastern","rural/urban merged","n_age_21_27",24,"clinical","ppy",0.166466640944422
"SLE","Eastern","rural/urban merged","n_age_28_34",31,"clinical","ppy",0.225792470762519
"SLE","Eastern","rural/urban merged","n_age_35_41",38,"clinical","ppy",0.238187521548631
"SLE","Eastern","rural/urban merged","n_age_42_48",45,"clinical","ppy",0.273854430774454
"SLE","Eastern","rural/urban merged","n_age_49_55",52,"clinical","ppy",0.346828738692496
"SLE","Eastern","rural/urban merged","n_age_56_62",59,"clinical","ppy",0.355958924833049
"SLE","Eastern","rural/urban merged","n_age_63_69",66,"clinical","ppy",0.456104135393343
"SLE","Eastern","rural/urban merged","n_age_70_76",73,"clinical","ppy",0.571448197866566
"SLE","Eastern","rural/urban merged","n_age_77_83",80,"clinical","ppy",0.583702221205422
"SLE","Eastern","rural/urban merged","n_age_84_90",87,"clinical","ppy",0.712448412187786
"SLE","Eastern","rural/urban merged","n_age_91_97",94,"clinical","ppy",0.716154587008082
"SLE","Eastern","rural/urban merged","n_age_98_104",101,"clinical","ppy",0.737927844407912
"SLE","Eastern","rural/urban merged","n_age_105_111",108,"clinical","ppy",0.910880588061426
"SLE","Eastern","rural/urban merged","n_age_112_118",115,"clinical","ppy",1.0472576415015
"SLE","Eastern","rural/urban merged","n_age_119_125",122,"clinical","ppy",1.1255928240012
"SLE","Eastern","rural/urban merged","n_age_126_132",129,"clinical","ppy",1.20436160257227
"SLE","Eastern","rural/urban merged","n_age_133_139",136,"clinical","ppy",1.32657706185075
"SLE","Eastern","rural/urban merged","n_age_140_146",143,"clinical","ppy",1.37673447612779
"SLE","Eastern","rural/urban merged","n_age_147_153",150,"clinical","ppy",1.48602321731465
"SLE","Eastern","rural/urban merged","n_age_154_160",157,"clinical","ppy",1.52864354435267
"SLE","Eastern","rural/urban merged","n_age_161_167",164,"clinical","ppy",1.6419492147591
"SLE","Eastern","rural/urban merged","n_age_168_174",171,"clinical","ppy",1.87346193128302
"SLE","Eastern","rural/urban merged","n_age_175_181",178,"clinical","ppy",1.85023592900836
"SLE","Eastern","rural/urban merged","n_age_182_188",185,"clinical","ppy",1.9256041063446
"SLE","Eastern","rural/urban merged","n_age_189_195",192,"clinical","ppy",2.14083319553774
"SLE","Eastern","rural/urban merged","n_age_196_202",199,"clinical","ppy",2.03142625938255
"SLE","Eastern","rural/urban merged","n_age_203_209",206,"clinical","ppy",2.18761404306949
"SLE","Eastern","rural/urban merged","n_age_210_216",213,"clinical","ppy",2.17598781897602
"SLE","Eastern","rural/urban merged","n_age_217_223",220,"clinical","ppy",2.26301729205246
"SLE","Eastern","rural/urban merged","n_age_224_230",227,"clinical","ppy",2.27779037048546
"SLE","Eastern","rural/urban merged","n_age_231_237",234,"clinical","ppy",2.4010451969641
"SLE","Eastern","rural/urban merged","n_age_238_244",241,"clinical","ppy",2.46411934082934
"SLE","Eastern","rural/urban merged","n_age_245_251",248,"clinical","ppy",2.44365267990062
"SLE","Eastern","rural/urban merged","n_age_252_258",255,"clinical","ppy",2.56400033768339
"SLE","Eastern","rural/urban merged","n_age_259_265",262,"clinical","ppy",2.54902325176207
"SLE","Eastern","rural/urban merged","n_age_266_272",269,"clinical","ppy",2.56442701279814
"SLE","Eastern","rural/urban merged","n_age_273_279",276,"clinical","ppy",2.57979393961444
"SLE","Eastern","rural/urban merged","n_age_280_286",283,"clinical","ppy",2.63180828042338
"SLE","Eastern","rural/urban merged","n_age_287_293",290,"clinical","ppy",2.64629114730982
"SLE","Eastern","rural/urban merged","n_age_294_300",297,"clinical","ppy",2.56658962242725
"SLE","Eastern","rural/urban merged","n_age_301_307",304,"clinical","ppy",2.67054387570167
"SLE","Eastern","rural/urban merged","n_age_308_314",311,"clinical","ppy",2.70573756116164
"SLE","Eastern","rural/urban merged","n_age_315_321",318,"clinical","ppy",2.72655232289327
"SLE","Eastern","rural/urban merged","n_age_322_328",325,"clinical","ppy",2.71064760911268
"SLE","Eastern","rural/urban merged","n_age_329_335",332,"clinical","ppy",2.7618141167904
"SLE","Eastern","rural/urban merged","n_age_336_342",339,"clinical","ppy",2.66591519446858
"SLE","Eastern","rural/urban merged","n_age_343_349",346,"clinical","ppy",2.67805538731981
"SLE","Eastern","rural/urban merged","n_age_350_356",353,"clinical","ppy",2.75971350904468
"SLE","Eastern","rural/urban merged","n_age_357_363",360,"clinical","ppy",2.84368369446489
"SLE","Eastern","rural/urban merged","n_age_364_370",367,"clinical","ppy",2.75016683757159
"SLE","Eastern","rural/urban merged","n_age_371_377",374,"clinical","ppy",2.72700112983264
"SLE","Eastern","rural/urban merged","n_age_378_384",381,"clinical","ppy",2.83635746190404
"SLE","Eastern","rural/urban merged","n_age_385_391",388,"clinical","ppy",2.75898104344888
"SLE","Eastern","rural/urban merged","n_age_392_398",395,"clinical","ppy",2.66796165030835
"SLE","Eastern","rural/urban merged","n_age_399_405",402,"clinical","ppy",2.83144624501905
"SLE","Eastern","rural/urban merged","n_age_406_412",409,"clinical","ppy",2.79670519330547
"SLE","Eastern","rural/urban merged","n_age_413_419",416,"clinical","ppy",2.76717670150478
"SLE","Eastern","rural/urban merged","n_age_420_426",423,"clinical","ppy",2.85849049790846
"SLE","Eastern","rural/urban merged","n_age_427_433",430,"clinical","ppy",2.8465263492647
"SLE","Eastern","rural/urban merged","n_age_434_440",437,"clinical","ppy",2.81564314196185
"SLE","Eastern","rural/urban merged","n_age_441_447",444,"clinical","ppy",2.83915253858802
"SLE","Eastern","rural/urban merged","n_age_448_454",451,"clinical","ppy",2.79458628976486
"SLE","Eastern","rural/urban merged","n_age_455_461",458,"clinical","ppy",2.81199758022683
"SLE","Eastern","rural/urban merged","n_age_462_468",465,"clinical","ppy",2.75071396926401
"SLE","Eastern","rural/urban merged","n_age_469_475",472,"clinical","ppy",2.73087990834035
"SLE","Eastern","rural/urban merged","n_age_476_482",479,"clinical","ppy",2.78504718871355
"SLE","Eastern","rural/urban merged","n_age_483_489",486,"clinical","ppy",2.88622520010723
"SLE","Eastern","rural/urban merged","n_age_490_496",493,"clinical","ppy",2.82061529856942
"SLE","Eastern","rural/urban merged","n_age_497_503",500,"clinical","ppy",2.83304966775928
"SLE","Eastern","rural/urban merged","n_age_504_510",507,"clinical","ppy",2.91224210191406
"SLE","Eastern","rural/urban merged","n_age_511_517",514,"clinical","ppy",2.69011345957647
"SLE","Eastern","rural/urban merged","n_age_518_524",521,"clinical","ppy",2.8459232689404
"SLE","Eastern","rural/urban merged","n_age_525_531",528,"clinical","ppy",2.97731514106297
"SLE","Eastern","rural/urban merged","n_age_532_538",535,"clinical","ppy",2.61356589132581
"SLE","Eastern","rural/urban merged","n_age_539_545",542,"clinical","ppy",2.79051807880068
"SLE","Eastern","rural/urban merged","n_age_546_552",549,"clinical","ppy",2.80328300437654
"SLE","Eastern","rural/urban merged","n_age_553_559",556,"clinical","ppy",2.76862836572159
"SLE","Eastern","rural/urban merged","n_age_560_566",563,"clinical","ppy",2.81815820431668
"SLE","Eastern","rural/urban merged","n_age_567_573",570,"clinical","ppy",2.80076400079663
"SLE","Eastern","rural/urban merged","n_age_574_580",577,"clinical","ppy",2.77889981574307
"SLE","Eastern","rural/urban merged","n_age_581_587",584,"clinical","ppy",2.68684995532474
"SLE","Eastern","rural/urban merged","n_age_588_594",591,"clinical","ppy",2.74266985653697
"SLE","Eastern","rural/urban merged","n_age_595_601",598,"clinical","ppy",2.8110680439531
"SLE","Eastern","rural/urban merged","n_age_602_608",605,"clinical","ppy",2.82242626699376
"SLE","Eastern","rural/urban merged","n_age_609_615",612,"clinical","ppy",2.79764037039536
"SLE","Eastern","rural/urban merged","n_age_616_622",619,"clinical","ppy",2.75606662817964
"SLE","Eastern","rural/urban merged","n_age_623_629",626,"clinical","ppy",2.73572930886363
"SLE","Eastern","rural/urban merged","n_age_630_636",633,"clinical","ppy",2.68543319671876
"SLE","Eastern","rural/urban merged","n_age_637_643",640,"clinical","ppy",2.93362561035133
"SLE","Eastern","rural/urban merged","n_age_644_650",647,"clinical","ppy",2.86780241031927
"SLE","Eastern","rural/urban merged","n_age_651_657",654,"clinical","ppy",2.80308554454533
"SLE","Eastern","rural/urban merged","n_age_658_664",661,"clinical","ppy",2.85119899700563
"SLE","Eastern","rural/urban merged","n_age_665_671",668,"clinical","ppy",2.78571397969231
"SLE","Eastern","rural/urban merged","n_age_672_678",675,"clinical","ppy",2.7551523628461
"SLE","Eastern","rural/urban merged","n_age_679_685",682,"clinical","ppy",2.6831543615487
"SLE","Eastern","rural/urban merged","n_age_686_692",689,"clinical","ppy",2.73183671903235
"SLE","Eastern","rural/urban merged","n_age_693_699",696,"clinical","ppy",2.95214839585822
"SLE","Eastern","rural/urban merged","n_age_700_706",703,"clinical","ppy",2.77178275155548
"SLE","Eastern","rural/urban merged","n_age_707_713",710,"clinical","ppy",2.64407375116923
"SLE","Eastern","rural/urban merged","n_age_714_720",717,"clinical","ppy",2.60261514830169
"SLE","Eastern","rural/urban merged","n_age_721_727",724,"clinical","ppy",2.8072116260617
"SLE","Eastern","rural/urban merged","n_age_728_734",731,"clinical","ppy",2.6360184521248
"SLE","Eastern","rural/urban merged","n_age_735_741",738,"clinical","ppy",2.7828833970375
"SLE","Eastern","rural/urban merged","n_age_742_748",745,"clinical","ppy",2.68878193104937
"SLE","Eastern","rural/urban merged","n_age_749_755",752,"clinical","ppy",2.65151313871921
"SLE","Eastern","rural/urban merged","n_age_756_762",759,"clinical","ppy",2.68942862507771
"SLE","Eastern","rural/urban merged","n_age_763_769",766,"clinical","ppy",2.69515013356968
"SLE","Eastern","rural/urban merged","n_age_770_776",773,"clinical","ppy",2.74463133716565
"SLE","Eastern","rural/urban merged","n_age_777_783",780,"clinical","ppy",2.6270432289197
"SLE","Eastern","rural/urban merged","n_age_784_790",787,"clinical","ppy",2.61919641785268
"SLE","Eastern","rural/urban merged","n_age_791_797",794,"clinical","ppy",2.59175799849291
"SLE","Eastern","rural/urban merged","n_age_798_804",801,"clinical","ppy",2.60656127162868
"SLE","Eastern","rural/urban merged","n_age_805_811",808,"clinical","ppy",2.5505734465333
"SLE","Eastern","rural/urban merged","n_age_812_818",815,"clinical","ppy",2.5730066003553
"SLE","Eastern","rural/urban merged","n_age_819_825",822,"clinical","ppy",2.50375649939367
"SLE","Eastern","rural/urban merged","n_age_826_832",829,"clinical","ppy",2.5781926008063
"SLE","Eastern","rural/urban merged","n_age_833_839",836,"clinical","ppy",2.55654288508593
"SLE","Eastern","rural/urban merged","n_age_840_846",843,"clinical","ppy",2.59735364223503
"SLE","Eastern","rural/urban merged","n_age_847_853",850,"clinical","ppy",2.57887541006199
"SLE","Eastern","rural/urban merged","n_age_854_860",857,"clinical","ppy",2.62914638973715
"SLE","Eastern","rural/urban merged","n_age_861_867",864,"clinical","ppy",2.59038320853823
"SLE","Eastern","rural/urban merged","n_age_868_874",871,"clinical","ppy",2.49658467417013
"SLE","Eastern","rural/urban merged","n_age_875_881",878,"clinical","ppy",2.39759681664736
"SLE","Eastern","rural/urban merged","n_age_882_888",885,"clinical","ppy",2.43487536803603
"SLE","Eastern","rural/urban merged","n_age_889_895",892,"clinical","ppy",2.44718944126807
"SLE","Eastern","rural/urban merged","n_age_896_902",899,"clinical","ppy",2.55905270879161
"SLE","Eastern","rural/urban merged","n_age_903_909",906,"clinical","ppy",2.53086845003184
"SLE","Eastern","rural/urban merged","n_age_910_916",913,"clinical","ppy",2.48821891726104
"SLE","Eastern","rural/urban merged","n_age_0_6",3,"severe","ppy",0.0107565312722583
"SLE","Eastern","rural/urban merged","n_age_7_13",10,"severe","ppy",0.00635603641605512
"SLE","Eastern","rural/urban merged","n_age_14_20",17,"severe","ppy",0.00975694035470309
"SLE","Eastern","rural/urban merged","n_age_21_27",24,"severe","ppy",0.00692443741012365
"SLE","Eastern","rural/urban merged","n_age_28_34",31,"severe","ppy",0.0151326652312079
"SLE","Eastern","rural/urban merged","n_age_35_41",38,"severe","ppy",0.01404526304912
"SLE","Eastern","rural/urban merged","n_age_42_48",45,"severe","ppy",0.00228369754434291
"SLE","Eastern","rural/urban merged","n_age_49_55",52,"severe","ppy",0.0218454715490551
"SLE","Eastern","rural/urban merged","n_age_56_62",59,"severe","ppy",0.034115563331916
"SLE","Eastern","rural/urban merged","n_age_63_69",66,"severe","ppy",0.0296027195180563
"SLE","Eastern","rural/urban merged","n_age_70_76",73,"severe","ppy",0.0280248160656289
"SLE","Eastern","rural/urban merged","n_age_77_83",80,"severe","ppy",0.0426997706448866
"SLE","Eastern","rural/urban merged","n_age_84_90",87,"severe","ppy",0.0284446528190301
"SLE","Eastern","rural/urban merged","n_age_91_97",94,"severe","ppy",0.0322705205957961
"SLE","Eastern","rural/urban merged","n_age_98_104",101,"severe","ppy",0.0320829216011767
"SLE","Eastern","rural/urban merged","n_age_105_111",108,"severe","ppy",0.0410433999200553
"SLE","Eastern","rural/urban merged","n_age_112_118",115,"severe","ppy",0.0332038274198906
"SLE","Eastern","rural/urban merged","n_age_119_125",122,"severe","ppy",0.0529637005126268
"SLE","Eastern","rural/urban merged","n_age_126_132",129,"severe","ppy",0.0556761167142991
"SLE","Eastern","rural/urban merged","n_age_133_139",136,"severe","ppy",0.0401107246753462
"SLE","Eastern","rural/urban merged","n_age_140_146",143,"severe","ppy",0.0609525803408852
"SLE","Eastern","rural/urban merged","n_age_147_153",150,"severe","ppy",0.0664335875414253
"SLE","Eastern","rural/urban merged","n_age_154_160",157,"severe","ppy",0.0628219896405119
"SLE","Eastern","rural/urban merged","n_age_161_167",164,"severe","ppy",0.0765506998522872
"SLE","Eastern","rural/urban merged","n_age_168_174",171,"severe","ppy",0.0928256951853512
"SLE","Eastern","rural/urban merged","n_age_175_181",178,"severe","ppy",0.0814028543209277
"SLE","Eastern","rural/urban merged","n_age_182_188",185,"severe","ppy",0.0755561294959728
"SLE","Eastern","rural/urban merged","n_age_189_195",192,"severe","ppy",0.0757522650763856
"SLE","Eastern","rural/urban merged","n_age_196_202",199,"severe","ppy",0.093449611476645
"SLE","Eastern","rural/urban merged","n_age_203_209",206,"severe","ppy",0.0937224908047352
"SLE","Eastern","rural/urban merged","n_age_210_216",213,"severe","ppy",0.102829484589914
"SLE","Eastern","rural/urban merged","n_age_217_223",220,"severe","ppy",0.118671504057074
"SLE","Eastern","rural/urban merged","n_age_224_230",227,"severe","ppy",0.104538590326081
"SLE","Eastern","rural/urban merged","n_age_231_237",234,"severe","ppy",0.089152790689942
"SLE","Eastern","rural/urban merged","n_age_238_244",241,"severe","ppy",0.117501913943441
"SLE","Eastern","rural/urban merged","n_age_245_251",248,"severe","ppy",0.0815513742788826
"SLE","Eastern","rural/urban merged","n_age_252_258",255,"severe","ppy",0.0938934408460202
"SLE","Eastern","rural/urban merged","n_age_259_265",262,"severe","ppy",0.0958813267263377
"SLE","Eastern","rural/urban merged","n_age_266_272",269,"severe","ppy",0.118507356935706
"SLE","Eastern","rural/urban merged","n_age_273_279",276,"severe","ppy",0.111175961077137
"SLE","Eastern","rural/urban merged","n_age_280_286",283,"severe","ppy",0.13266476695692
"SLE","Eastern","rural/urban merged","n_age_287_293",290,"severe","ppy",0.12657716340068
"SLE","Eastern","rural/urban merged","n_age_294_300",297,"severe","ppy",0.111662848869079
"SLE","Eastern","rural/urban merged","n_age_301_307",304,"severe","ppy",0.107535441881699
"SLE","Eastern","rural/urban merged","n_age_308_314",311,"severe","ppy",0.0909156695467458
"SLE","Eastern","rural/urban merged","n_age_315_321",318,"severe","ppy",0.104298796183291
"SLE","Eastern","rural/urban merged","n_age_322_328",325,"severe","ppy",0.116983266432542
"SLE","Eastern","rural/urban merged","n_age_329_335",332,"severe","ppy",0.128167387863758
"SLE","Eastern","rural/urban merged","n_age_336_342",339,"severe","ppy",0.0938034805218394
"SLE","Eastern","rural/urban merged","n_age_343_349",346,"severe","ppy",0.0798953323247001
"SLE","Eastern","rural/urban merged","n_age_350_356",353,"severe","ppy",0.104271659805407
"SLE","Eastern","rural/urban merged","n_age_357_363",360,"severe","ppy",0.108561244517111
"SLE","Eastern","rural/urban merged","n_age_364_370",367,"severe","ppy",0.114200311572755
"SLE","Eastern","rural/urban merged","n_age_371_377",374,"severe","ppy",0.102615490549572
"SLE","Eastern","rural/urban merged","n_age_378_384",381,"severe","ppy",0.0771512976374497
"SLE","Eastern","rural/urban merged","n_age_385_391",388,"severe","ppy",0.0846503517218164
"SLE","Eastern","rural/urban merged","n_age_392_398",395,"severe","ppy",0.0795514156190515
"SLE","Eastern","rural/urban merged","n_age_399_405",402,"severe","ppy",0.0764122256017998
"SLE","Eastern","rural/urban merged","n_age_406_412",409,"severe","ppy",0.0978399997098975
"SLE","Eastern","rural/urban merged","n_age_413_419",416,"severe","ppy",0.100865004602482
"SLE","Eastern","rural/urban merged","n_age_420_426",423,"severe","ppy",0.0927704780208754
"SLE","Eastern","rural/urban merged","n_age_427_433",430,"severe","ppy",0.0907519931690612
"SLE","Eastern","rural/urban merged","n_age_434_440",437,"severe","ppy",0.0825395111854271
"SLE","Eastern","rural/urban merged","n_age_441_447",444,"severe","ppy",0.101833424433299
"SLE","Eastern","rural/urban merged","n_age_448_454",451,"severe","ppy",0.0672893852096813
"SLE","Eastern","rural/urban merged","n_age_455_461",458,"severe","ppy",0.0961937654708704
"SLE","Eastern","rural/urban merged","n_age_462_468",465,"severe","ppy",0.0940150820151135
"SLE","Eastern","rural/urban merged","n_age_469_475",472,"severe","ppy",0.0593435928855239
"SLE","Eastern","rural/urban merged","n_age_476_482",479,"severe","ppy",0.0861410585919117
"SLE","Eastern","rural/urban merged","n_age_483_489",486,"severe","ppy",0.100741754945332
"SLE","Eastern","rural/urban merged","n_age_490_496",493,"severe","ppy",0.074044123430128
"SLE","Eastern","rural/urban merged","n_age_497_503",500,"severe","ppy",0.0909807767192353
"SLE","Eastern","rural/urban merged","n_age_504_510",507,"severe","ppy",0.0830775302014381
"SLE","Eastern","rural/urban merged","n_age_511_517",514,"severe","ppy",0.0976000051008741
"SLE","Eastern","rural/urban merged","n_age_518_524",521,"severe","ppy",0.0644765389900721
"SLE","Eastern","rural/urban merged","n_age_525_531",528,"severe","ppy",0.110999149145873
"SLE","Eastern","rural/urban merged","n_age_532_538",535,"severe","ppy",0.0738869962308378
"SLE","Eastern","rural/urban merged","n_age_539_545",542,"severe","ppy",0.0733397916917014
"SLE","Eastern","rural/urban merged","n_age_546_552",549,"severe","ppy",0.08579820987036
"SLE","Eastern","rural/urban merged","n_age_553_559",556,"severe","ppy",0.0675914150090685
"SLE","Eastern","rural/urban merged","n_age_560_566",563,"severe","ppy",0.0877878588309948
"SLE","Eastern","rural/urban merged","n_age_567_573",570,"severe","ppy",0.0659425573828998
"SLE","Eastern","rural/urban merged","n_age_574_580",577,"severe","ppy",0.0778750951984986
"SLE","Eastern","rural/urban merged","n_age_581_587",584,"severe","ppy",0.111727874674286
"SLE","Eastern","rural/urban merged","n_age_588_594",591,"severe","ppy",0.0630000538222368
"SLE","Eastern","rural/urban merged","n_age_595_601",598,"severe","ppy",0.086354132424812
"SLE","Eastern","rural/urban merged","n_age_602_608",605,"severe","ppy",0.0612012008648399
"SLE","Eastern","rural/urban merged","n_age_609_615",612,"severe","ppy",0.0754741875883939
"SLE","Eastern","rural/urban merged","n_age_616_622",619,"severe","ppy",0.0783942573828494
"SLE","Eastern","rural/urban merged","n_age_623_629",626,"severe","ppy",0.0791721280537533
"SLE","Eastern","rural/urban merged","n_age_630_636",633,"severe","ppy",0.0751659849326972
"SLE","Eastern","rural/urban merged","n_age_637_643",640,"severe","ppy",0.0733568020742006
"SLE","Eastern","rural/urban merged","n_age_644_650",647,"severe","ppy",0.054616476333229
"SLE","Eastern","rural/urban merged","n_age_651_657",654,"severe","ppy",0.0656613803286904
"SLE","Eastern","rural/urban merged","n_age_658_664",661,"severe","ppy",0.0658082287187297
"SLE","Eastern","rural/urban merged","n_age_665_671",668,"severe","ppy",0.067141656506591
"SLE","Eastern","rural/urban merged","n_age_672_678",675,"severe","ppy",0.0406271150892148
"SLE","Eastern","rural/urban merged","n_age_679_685",682,"severe","ppy",0.0616035315418774
"SLE","Eastern","rural/urban merged","n_age_686_692",689,"severe","ppy",0.0643745371370127
"SLE","Eastern","rural/urban merged","n_age_693_699",696,"severe","ppy",0.0713909207785224
"SLE","Eastern","rural/urban merged","n_age_700_706",703,"severe","ppy",0.0641528403987154
"SLE","Eastern","rural/urban merged","n_age_707_713",710,"severe","ppy",0.0489069291157203
"SLE","Eastern","rural/urban merged","n_age_714_720",717,"severe","ppy",0.0642297571469339
"SLE","Eastern","rural/urban merged","n_age_721_727",724,"severe","ppy",0.0753491168423318
"SLE","Eastern","rural/urban merged","n_age_728_734",731,"severe","ppy",0.0640312239562632
"SLE","Eastern","rural/urban merged","n_age_735_741",738,"severe","ppy",0.0465230089843581
"SLE","Eastern","rural/urban merged","n_age_742_748",745,"severe","ppy",0.0702714321960157
"SLE","Eastern","rural/urban merged","n_age_749_755",752,"severe","ppy",0.0623866219436946
"SLE","Eastern","rural/urban merged","n_age_756_762",759,"severe","ppy",0.0509218742988035
"SLE","Eastern","rural/urban merged","n_age_763_769",766,"severe","ppy",0.0447507954404087
"SLE","Eastern","rural/urban merged","n_age_770_776",773,"severe","ppy",0.0539670693333298
"SLE","Eastern","rural/urban merged","n_age_777_783",780,"severe","ppy",0.0560704175122318
"SLE","Eastern","rural/urban merged","n_age_784_790",787,"severe","ppy",0.0631805474521489
"SLE","Eastern","rural/urban merged","n_age_791_797",794,"severe","ppy",0.0606179999026825
"SLE","Eastern","rural/urban merged","n_age_798_804",801,"severe","ppy",0.0336491937950644
"SLE","Eastern","rural/urban merged","n_age_805_811",808,"severe","ppy",0.0538212481219297
"SLE","Eastern","rural/urban merged","n_age_812_818",815,"severe","ppy",0.0641710771399944
"SLE","Eastern","rural/urban merged","n_age_819_825",822,"severe","ppy",0.0854798021585357
"SLE","Eastern","rural/urban merged","n_age_826_832",829,"severe","ppy",0.0664754859752168
"SLE","Eastern","rural/urban merged","n_age_833_839",836,"severe","ppy",0.0329985070123506
"SLE","Eastern","rural/urban merged","n_age_840_846",843,"severe","ppy",0.0388820853665355
"SLE","Eastern","rural/urban merged","n_age_847_853",850,"severe","ppy",0.0637008533503127
"SLE","Eastern","rural/urban merged","n_age_854_860",857,"severe","ppy",0.0670745986786533
"SLE","Eastern","rural/urban merged","n_age_861_867",864,"severe","ppy",0.0364801875618181
"SLE","Eastern","rural/urban merged","n_age_868_874",871,"severe","ppy",0.045912382572979
"SLE","Eastern","rural/urban merged","n_age_875_881",878,"severe","ppy",0.0291805176244021
"SLE","Eastern","rural/urban merged","n_age_882_888",885,"severe","ppy",0.0462037888329849
"SLE","Eastern","rural/urban merged","n_age_889_895",892,"severe","ppy",0.0585259037785066
"SLE","Eastern","rural/urban merged","n_age_896_902",899,"severe","ppy",0.0411316992526316
"SLE","Eastern","rural/urban merged","n_age_903_909",906,"severe","ppy",0.054634782867054
"SLE","Eastern","rural/urban merged","n_age_910_916",913,"severe","ppy",0.0357406789034151
"SLE","Northern","rural/urban merged","n_age_0_6",3,"clinical","ppy",0.093175727920687
"SLE","Northern","rural/urban merged","n_age_7_13",10,"clinical","ppy",0.14999832767046
"SLE","Northern","rural/urban merged","n_age_14_20",17,"clinical","ppy",0.130218709893682
"SLE","Northern","rural/urban merged","n_age_21_27",24,"clinical","ppy",0.183371499892177
"SLE","Northern","rural/urban merged","n_age_28_34",31,"clinical","ppy",0.192741845860797
"SLE","Northern","rural/urban merged","n_age_35_41",38,"clinical","ppy",0.261759536959763
"SLE","Northern","rural/urban merged","n_age_42_48",45,"clinical","ppy",0.305451040131072
"SLE","Northern","rural/urban merged","n_age_49_55",52,"clinical","ppy",0.382202143855665
"SLE","Northern","rural/urban merged","n_age_56_62",59,"clinical","ppy",0.41927565111022
"SLE","Northern","rural/urban merged","n_age_63_69",66,"clinical","ppy",0.535467472003576
"SLE","Northern","rural/urban merged","n_age_70_76",73,"clinical","ppy",0.471921194483871
"SLE","Northern","rural/urban merged","n_age_77_83",80,"clinical","ppy",0.625827611962947
"SLE","Northern","rural/urban merged","n_age_84_90",87,"clinical","ppy",0.732253476388513
"SLE","Northern","rural/urban merged","n_age_91_97",94,"clinical","ppy",0.876658261735287
"SLE","Northern","rural/urban merged","n_age_98_104",101,"clinical","ppy",1.02905590763402
"SLE","Northern","rural/urban merged","n_age_105_111",108,"clinical","ppy",1.17987172920056
"SLE","Northern","rural/urban merged","n_age_112_118",115,"clinical","ppy",1.35059870015124
"SLE","Northern","rural/urban merged","n_age_119_125",122,"clinical","ppy",1.318388125766
"SLE","Northern","rural/urban merged","n_age_126_132",129,"clinical","ppy",1.61339913643257
"SLE","Northern","rural/urban merged","n_age_133_139",136,"clinical","ppy",1.82358199019845
"SLE","Northern","rural/urban merged","n_age_140_146",143,"clinical","ppy",1.97744594341851
"SLE","Northern","rural/urban merged","n_age_147_153",150,"clinical","ppy",2.11389572739716
"SLE","Northern","rural/urban merged","n_age_154_160",157,"clinical","ppy",2.31439132789193
"SLE","Northern","rural/urban merged","n_age_161_167",164,"clinical","ppy",2.47875368149048
"SLE","Northern","rural/urban merged","n_age_168_174",171,"clinical","ppy",2.75866118347392
"SLE","Northern","rural/urban merged","n_age_175_181",178,"clinical","ppy",2.73022116117114
"SLE","Northern","rural/urban merged","n_age_182_188",185,"clinical","ppy",2.9155164291037
"SLE","Northern","rural/urban merged","n_age_189_195",192,"clinical","ppy",3.23400678277556
"SLE","Northern","rural/urban merged","n_age_196_202",199,"clinical","ppy",3.31273064662609
"SLE","Northern","rural/urban merged","n_age_203_209",206,"clinical","ppy",3.43446698366572
"SLE","Northern","rural/urban merged","n_age_210_216",213,"clinical","ppy",3.47621539105794
"SLE","Northern","rural/urban merged","n_age_217_223",220,"clinical","ppy",3.66431899070544
"SLE","Northern","rural/urban merged","n_age_224_230",227,"clinical","ppy",3.62087777715126
"SLE","Northern","rural/urban merged","n_age_231_237",234,"clinical","ppy",3.71520532477994
"SLE","Northern","rural/urban merged","n_age_238_244",241,"clinical","ppy",3.69539546079262
"SLE","Northern","rural/urban merged","n_age_245_251",248,"clinical","ppy",4.1172158465496
"SLE","Northern","rural/urban merged","n_age_252_258",255,"clinical","ppy",3.81632793388938
"SLE","Northern","rural/urban merged","n_age_259_265",262,"clinical","ppy",4.18765605789956
"SLE","Northern","rural/urban merged","n_age_266_272",269,"clinical","ppy",4.10422226527005
"SLE","Northern","rural/urban merged","n_age_273_279",276,"clinical","ppy",4.10814982931261
"SLE","Northern","rural/urban merged","n_age_280_286",283,"clinical","ppy",4.11602136025395
"SLE","Northern","rural/urban merged","n_age_287_293",290,"clinical","ppy",4.07224236453609
"SLE","Northern","rural/urban merged","n_age_294_300",297,"clinical","ppy",4.11206054936838
"SLE","Northern","rural/urban merged","n_age_301_307",304,"clinical","ppy",4.15683349082499
"SLE","Northern","rural/urban merged","n_age_308_314",311,"clinical","ppy",4.2452056653834
"SLE","Northern","rural/urban merged","n_age_315_321",318,"clinical","ppy",4.38077293786392
"SLE","Northern","rural/urban merged","n_age_322_328",325,"clinical","ppy",4.31140635157895
"SLE","Northern","rural/urban merged","n_age_329_335",332,"clinical","ppy",4.22639525107116
"SLE","Northern","rural/urban merged","n_age_336_342",339,"clinical","ppy",4.21878794912282
"SLE","Northern","rural/urban merged","n_age_343_349",346,"clinical","ppy",4.294306674368
"SLE","Northern","rural/urban merged","n_age_350_356",353,"clinical","ppy",4.09729051888616
"SLE","Northern","rural/urban merged","n_age_357_363",360,"clinical","ppy",4.24063145175467
"SLE","Northern","rural/urban merged","n_age_364_370",367,"clinical","ppy",4.31662268517784
"SLE","Northern","rural/urban merged","n_age_371_377",374,"clinical","ppy",4.24305759495664
"SLE","Northern","rural/urban merged","n_age_378_384",381,"clinical","ppy",4.3956557281308
"SLE","Northern","rural/urban merged","n_age_385_391",388,"clinical","ppy",4.14669273266461
"SLE","Northern","rural/urban merged","n_age_392_398",395,"clinical","ppy",4.2711160449586
"SLE","Northern","rural/urban merged","n_age_399_405",402,"clinical","ppy",4.16814244600713
"SLE","Northern","rural/urban merged","n_age_406_412",409,"clinical","ppy",4.27744875843864
"SLE","Northern","rural/urban merged","n_age_413_419",416,"clinical","ppy",4.24078651690803
"SLE","Northern","rural/urban merged","n_age_420_426",423,"clinical","ppy",4.09639096523925
"SLE","Northern","rural/urban merged","n_age_427_433",430,"clinical","ppy",4.13518148915134
"SLE","Northern","rural/urban merged","n_age_434_440",437,"clinical","ppy",4.0093801817869
"SLE","Northern","rural/urban merged","n_age_441_447",444,"clinical","ppy",4.18829608793672
"SLE","Northern","rural/urban merged","n_age_448_454",451,"clinical","ppy",4.14562069822111
"SLE","Northern","rural/urban merged","n_age_455_461",458,"clinical","ppy",4.28047576262274
"SLE","Northern","rural/urban merged","n_age_462_468",465,"clinical","ppy",3.93882697455341
"SLE","Northern","rural/urban merged","n_age_469_475",472,"clinical","ppy",4.18342694770494
"SLE","Northern","rural/urban merged","n_age_476_482",479,"clinical","ppy",4.21351983293616
"SLE","Northern","rural/urban merged","n_age_483_489",486,"clinical","ppy",4.21091815056238
"SLE","Northern","rural/urban merged","n_age_490_496",493,"clinical","ppy",4.1043504395686
"SLE","Northern","rural/urban merged","n_age_497_503",500,"clinical","ppy",4.1071772208995
"SLE","Northern","rural/urban merged","n_age_504_510",507,"clinical","ppy",4.00886542739462
"SLE","Northern","rural/urban merged","n_age_511_517",514,"clinical","ppy",4.22830316552304
"SLE","Northern","rural/urban merged","n_age_518_524",521,"clinical","ppy",4.06731994415997
"SLE","Northern","rural/urban merged","n_age_525_531",528,"clinical","ppy",4.28391956489823
"SLE","Northern","rural/urban merged","n_age_532_538",535,"clinical","ppy",4.18671564387163
"SLE","Northern","rural/urban merged","n_age_539_545",542,"clinical","ppy",4.02259149675986
"SLE","Northern","rural/urban merged","n_age_546_552",549,"clinical","ppy",4.11316014920906
"SLE","Northern","rural/urban merged","n_age_553_559",556,"clinical","ppy",4.26329954411395
"SLE","Northern","rural/urban merged","n_age_560_566",563,"clinical","ppy",4.05902252724246
"SLE","Northern","rural/urban merged","n_age_567_573",570,"clinical","ppy",4.12283444672215
"SLE","Northern","rural/urban merged","n_age_574_580",577,"clinical","ppy",3.98461196517466
"SLE","Northern","rural/urban merged","n_age_581_587",584,"clinical","ppy",4.0301813770743
"SLE","Northern","rural/urban merged","n_age_588_594",591,"clinical","ppy",4.01606428690037
"SLE","Northern","rural/urban merged","n_age_595_601",598,"clinical","ppy",4.04004456477578
"SLE","Northern","rural/urban merged","n_age_602_608",605,"clinical","ppy",4.07853854952642
"SLE","Northern","rural/urban merged","n_age_609_615",612,"clinical","ppy",4.29174629403837
"SLE","Northern","rural/urban merged","n_age_616_622",619,"clinical","ppy",4.05895596752854
"SLE","Northern","rural/urban merged","n_age_623_629",626,"clinical","ppy",4.107164920066
"SLE","Northern","rural/urban merged","n_age_630_636",633,"clinical","ppy",4.04631915678337
"SLE","Northern","rural/urban merged","n_age_637_643",640,"clinical","ppy",4.09507845274822
"SLE","Northern","rural/urban merged","n_age_644_650",647,"clinical","ppy",3.99719704926928
"SLE","Northern","rural/urban merged","n_age_651_657",654,"clinical","ppy",4.04982091438061
"SLE","Northern","rural/urban merged","n_age_658_664",661,"clinical","ppy",4.0398369625715
"SLE","Northern","rural/urban merged","n_age_665_671",668,"clinical","ppy",3.86880285026327
"SLE","Northern","rural/urban merged","n_age_672_678",675,"clinical","ppy",4.04597960885183
"SLE","Northern","rural/urban merged","n_age_679_685",682,"clinical","ppy",3.90092331958399
"SLE","Northern","rural/urban merged","n_age_686_692",689,"clinical","ppy",3.89119583731077
"SLE","Northern","rural/urban merged","n_age_693_699",696,"clinical","ppy",3.90247868083458
"SLE","Northern","rural/urban merged","n_age_700_706",703,"clinical","ppy",3.79475383026525
"SLE","Northern","rural/urban merged","n_age_707_713",710,"clinical","ppy",3.89822357158907
"SLE","Northern","rural/urban merged","n_age_714_720",717,"clinical","ppy",3.70775529829463
"SLE","Northern","rural/urban merged","n_age_721_727",724,"clinical","ppy",3.80294846300551
"SLE","Northern","rural/urban merged","n_age_728_734",731,"clinical","ppy",3.80347556558148
"SLE","Northern","rural/urban merged","n_age_735_741",738,"clinical","ppy",3.81677411284935
"SLE","Northern","rural/urban merged","n_age_742_748",745,"clinical","ppy",3.78710249203871
"SLE","Northern","rural/urban merged","n_age_749_755",752,"clinical","ppy",3.54352680857262
"SLE","Northern","rural/urban merged","n_age_756_762",759,"clinical","ppy",3.53671400734219
"SLE","Northern","rural/urban merged","n_age_763_769",766,"clinical","ppy",3.64624207715926
"SLE","Northern","rural/urban merged","n_age_770_776",773,"clinical","ppy",3.54908918252905
"SLE","Northern","rural/urban merged","n_age_777_783",780,"clinical","ppy",3.46989987509815
"SLE","Northern","rural/urban merged","n_age_784_790",787,"clinical","ppy",3.37781246639728
"SLE","Northern","rural/urban merged","n_age_791_797",794,"clinical","ppy",3.40269891843993
"SLE","Northern","rural/urban merged","n_age_798_804",801,"clinical","ppy",3.53149813825351
"SLE","Northern","rural/urban merged","n_age_805_811",808,"clinical","ppy",3.52911428896357
"SLE","Northern","rural/urban merged","n_age_812_818",815,"clinical","ppy",3.49104889209585
"SLE","Northern","rural/urban merged","n_age_819_825",822,"clinical","ppy",3.23167468327171
"SLE","Northern","rural/urban merged","n_age_826_832",829,"clinical","ppy",3.44036099052896
"SLE","Northern","rural/urban merged","n_age_833_839",836,"clinical","ppy",3.3772392838282
"SLE","Northern","rural/urban merged","n_age_840_846",843,"clinical","ppy",3.29896783881157
"SLE","Northern","rural/urban merged","n_age_847_853",850,"clinical","ppy",3.42823060744011
"SLE","Northern","rural/urban merged","n_age_854_860",857,"clinical","ppy",3.25114227707076
"SLE","Northern","rural/urban merged","n_age_861_867",864,"clinical","ppy",3.23498158236033
"SLE","Northern","rural/urban merged","n_age_868_874",871,"clinical","ppy",3.39579726228747
"SLE","Northern","rural/urban merged","n_age_875_881",878,"clinical","ppy",3.37031581742217
"SLE","Northern","rural/urban merged","n_age_882_888",885,"clinical","ppy",3.23949913479787
"SLE","Northern","rural/urban merged","n_age_889_895",892,"clinical","ppy",3.3338383279342
"SLE","Northern","rural/urban merged","n_age_896_902",899,"clinical","ppy",3.26361061850988
"SLE","Northern","rural/urban merged","n_age_903_909",906,"clinical","ppy",3.28863250143909
"SLE","Northern","rural/urban merged","n_age_910_916",913,"clinical","ppy",3.15771488096317
"SLE","Northern","rural/urban merged","n_age_0_6",3,"severe","ppy",0.0021527989017521
"SLE","Northern","rural/urban merged","n_age_7_13",10,"severe","ppy",0.00766240160022393
"SLE","Northern","rural/urban merged","n_age_14_20",17,"severe","ppy",0.00547135521203559
"SLE","Northern","rural/urban merged","n_age_21_27",24,"severe","ppy",0.00479793834533557
"SLE","Northern","rural/urban merged","n_age_28_34",31,"severe","ppy",0.0106806820167866
"SLE","Northern","rural/urban merged","n_age_35_41",38,"severe","ppy",0.0190055269496394
"SLE","Northern","rural/urban merged","n_age_42_48",45,"severe","ppy",0.019998284310336
"SLE","Northern","rural/urban merged","n_age_49_55",52,"severe","ppy",0.0269119545937631
"SLE","Northern","rural/urban merged","n_age_56_62",59,"severe","ppy",0.0237771351782842
"SLE","Northern","rural/urban merged","n_age_63_69",66,"severe","ppy",0.0451111180958831
"SLE","Northern","rural/urban merged","n_age_70_76",73,"severe","ppy",0.0396598082556294
"SLE","Northern","rural/urban merged","n_age_77_83",80,"severe","ppy",0.0354200732685634
"SLE","Northern","rural/urban merged","n_age_84_90",87,"severe","ppy",0.0317569040686019
"SLE","Northern","rural/urban merged","n_age_91_97",94,"severe","ppy",0.0339766527783335
"SLE","Northern","rural/urban merged","n_age_98_104",101,"severe","ppy",0.0524317654070248
"SLE","Northern","rural/urban merged","n_age_105_111",108,"severe","ppy",0.0410013313752905
"SLE","Northern","rural/urban merged","n_age_112_118",115,"severe","ppy",0.0539559086301856
"SLE","Northern","rural/urban merged","n_age_119_125",122,"severe","ppy",0.0752167677903965
"SLE","Northern","rural/urban merged","n_age_126_132",129,"severe","ppy",0.073256186514826
"SLE","Northern","rural/urban merged","n_age_133_139",136,"severe","ppy",0.0833113054423657
"SLE","Northern","rural/urban merged","n_age_140_146",143,"severe","ppy",0.0813458316624055
"SLE","Northern","rural/urban merged","n_age_147_153",150,"severe","ppy",0.0929276066638221
"SLE","Northern","rural/urban merged","n_age_154_160",157,"severe","ppy",0.0921281159448375
"SLE","Northern","rural/urban merged","n_age_161_167",164,"severe","ppy",0.0836207665656642
"SLE","Northern","rural/urban merged","n_age_168_174",171,"severe","ppy",0.096557850143585
"SLE","Northern","rural/urban merged","n_age_175_181",178,"severe","ppy",0.0893102958411638
"SLE","Northern","rural/urban merged","n_age_182_188",185,"severe","ppy",0.117206087834359
"SLE","Northern","rural/urban merged","n_age_189_195",192,"severe","ppy",0.162747869062751
"SLE","Northern","rural/urban merged","n_age_196_202",199,"severe","ppy",0.140394190429336
"SLE","Northern","rural/urban merged","n_age_203_209",206,"severe","ppy",0.119908691384673
"SLE","Northern","rural/urban merged","n_age_210_216",213,"severe","ppy",0.151022097510947
"SLE","Northern","rural/urban merged","n_age_217_223",220,"severe","ppy",0.133685554510812
"SLE","Northern","rural/urban merged","n_age_224_230",227,"severe","ppy",0.136273858576279
"SLE","Northern","rural/urban merged","n_age_231_237",234,"severe","ppy",0.0954986983681217
"SLE","Northern","rural/urban merged","n_age_238_244",241,"severe","ppy",0.139236718693943
"SLE","Northern","rural/urban merged","n_age_245_251",248,"severe","ppy",0.175314794257646
"SLE","Northern","rural/urban merged","n_age_252_258",255,"severe","ppy",0.128188945841596
"SLE","Northern","rural/urban merged","n_age_259_265",262,"severe","ppy",0.138413974442684
"SLE","Northern","rural/urban merged","n_age_266_272",269,"severe","ppy",0.135850795010343
"SLE","Northern","rural/urban merged","n_age_273_279",276,"severe","ppy",0.130179370086186
"SLE","Northern","rural/urban merged","n_age_280_286",283,"severe","ppy",0.142162542336845
"SLE","Northern","rural/urban merged","n_age_287_293",290,"severe","ppy",0.127757985436548
"SLE","Northern","rural/urban merged","n_age_294_300",297,"severe","ppy",0.132129560739205
"SLE","Northern","rural/urban merged","n_age_301_307",304,"severe","ppy",0.126861024357212
"SLE","Northern","rural/urban merged","n_age_308_314",311,"severe","ppy",0.153078553036361
"SLE","Northern","rural/urban merged","n_age_315_321",318,"severe","ppy",0.137331623923709
"SLE","Northern","rural/urban merged","n_age_322_328",325,"severe","ppy",0.118336295893969
"SLE","Northern","rural/urban merged","n_age_329_335",332,"severe","ppy",0.109937319572469
"SLE","Northern","rural/urban merged","n_age_336_342",339,"severe","ppy",0.137639443841893
"SLE","Northern","rural/urban merged","n_age_343_349",346,"severe","ppy",0.0941633644416581
"SLE","Northern","rural/urban merged","n_age_350_356",353,"severe","ppy",0.105455035890791
"SLE","Northern","rural/urban merged","n_age_357_363",360,"severe","ppy",0.145683751741746
"SLE","Northern","rural/urban merged","n_age_364_370",367,"severe","ppy",0.12138765604671
"SLE","Northern","rural/urban merged","n_age_371_377",374,"severe","ppy",0.0790169665034117
"SLE","Northern","rural/urban merged","n_age_378_384",381,"severe","ppy",0.155524937188072
"SLE","Northern","rural/urban merged","n_age_385_391",388,"severe","ppy",0.141934546648832
"SLE","Northern","rural/urban merged","n_age_392_398",395,"severe","ppy",0.109622516885871
"SLE","Northern","rural/urban merged","n_age_399_405",402,"severe","ppy",0.108892073281601
"SLE","Northern","rural/urban merged","n_age_406_412",409,"severe","ppy",0.118629795496243
"SLE","Northern","rural/urban merged","n_age_413_419",416,"severe","ppy",0.0750493070182413
"SLE","Northern","rural/urban merged","n_age_420_426",423,"severe","ppy",0.110302703643664
"SLE","Northern","rural/urban merged","n_age_427_433",430,"severe","ppy",0.0868611775190007
"SLE","Northern","rural/urban merged","n_age_434_440",437,"severe","ppy",0.10864268973058
"SLE","Northern","rural/urban merged","n_age_441_447",444,"severe","ppy",0.0932834176131619
"SLE","Northern","rural/urban merged","n_age_448_454",451,"severe","ppy",0.104646476280021
"SLE","Northern","rural/urban merged","n_age_455_461",458,"severe","ppy",0.0935847439943613
"SLE","Northern","rural/urban merged","n_age_462_468",465,"severe","ppy",0.0802882890638997
"SLE","Northern","rural/urban merged","n_age_469_475",472,"severe","ppy",0.079493049139421
"SLE","Northern","rural/urban merged","n_age_476_482",479,"severe","ppy",0.0902504250284477
"SLE","Northern","rural/urban merged","n_age_483_489",486,"severe","ppy",0.0634030316917232
"SLE","Northern","rural/urban merged","n_age_490_496",493,"severe","ppy",0.101535051687549
"SLE","Northern","rural/urban merged","n_age_497_503",500,"severe","ppy",0.0959745677793376
"SLE","Northern","rural/urban merged","n_age_504_510",507,"severe","ppy",0.10735192233441
"SLE","Northern","rural/urban merged","n_age_511_517",514,"severe","ppy",0.107567063594277
"SLE","Northern","rural/urban merged","n_age_518_524",521,"severe","ppy",0.0829167079925488
"SLE","Northern","rural/urban merged","n_age_525_531",528,"severe","ppy",0.0836226661658818
"SLE","Northern","rural/urban merged","n_age_532_538",535,"severe","ppy",0.0806956800506528
"SLE","Northern","rural/urban merged","n_age_539_545",542,"severe","ppy",0.0886681005416647
"SLE","Northern","rural/urban merged","n_age_546_552",549,"severe","ppy",0.0866938196937181
"SLE","Northern","rural/urban merged","n_age_553_559",556,"severe","ppy",0.102114237270589
"SLE","Northern","rural/urban merged","n_age_560_566",563,"severe","ppy",0.116075432559454
"SLE","Northern","rural/urban merged","n_age_567_573",570,"severe","ppy",0.0875686306679726
"SLE","Northern","rural/urban merged","n_age_574_580",577,"severe","ppy",0.0814457392210031
"SLE","Northern","rural/urban merged","n_age_581_587",584,"severe","ppy",0.0873590337336246
"SLE","Northern","rural/urban merged","n_age_588_594",591,"severe","ppy",0.082309304670308
"SLE","Northern","rural/urban merged","n_age_595_601",598,"severe","ppy",0.0931652673018485
"SLE","Northern","rural/urban merged","n_age_602_608",605,"severe","ppy",0.0784275102424762
"SLE","Northern","rural/urban merged","n_age_609_615",612,"severe","ppy",0.064904051727919
"SLE","Northern","rural/urban merged","n_age_616_622",619,"severe","ppy",0.0791947913772553
"SLE","Northern","rural/urban merged","n_age_623_629",626,"severe","ppy",0.0862372994391159
"SLE","Northern","rural/urban merged","n_age_630_636",633,"severe","ppy",0.072992422316266
"SLE","Northern","rural/urban merged","n_age_637_643",640,"severe","ppy",0.101542381746691
"SLE","Northern","rural/urban merged","n_age_644_650",647,"severe","ppy",0.0673247637461837
"SLE","Northern","rural/urban merged","n_age_651_657",654,"severe","ppy",0.0582179038054509
"SLE","Northern","rural/urban merged","n_age_658_664",661,"severe","ppy",0.0624304517432861
"SLE","Northern","rural/urban merged","n_age_665_671",668,"severe","ppy",0.0722170761711741
"SLE","Northern","rural/urban merged","n_age_672_678",675,"severe","ppy",0.0714644907359617
"SLE","Northern","rural/urban merged","n_age_679_685",682,"severe","ppy",0.0754196908727739
"SLE","Northern","rural/urban merged","n_age_686_692",689,"severe","ppy",0.0558733380493654
"SLE","Northern","rural/urban merged","n_age_693_699",696,"severe","ppy",0.0768829061240462
"SLE","Northern","rural/urban merged","n_age_700_706",703,"severe","ppy",0.076777584588266
"SLE","Northern","rural/urban merged","n_age_707_713",710,"severe","ppy",0.0542834840516794
"SLE","Northern","rural/urban merged","n_age_714_720",717,"severe","ppy",0.0618079149551352
"SLE","Northern","rural/urban merged","n_age_721_727",724,"severe","ppy",0.0630008737232369
"SLE","Northern","rural/urban merged","n_age_728_734",731,"severe","ppy",0.0459829662625183
"SLE","Northern","rural/urban merged","n_age_735_741",738,"severe","ppy",0.0582383685196025
"SLE","Northern","rural/urban merged","n_age_742_748",745,"severe","ppy",0.056259410941027
"SLE","Northern","rural/urban merged","n_age_749_755",752,"severe","ppy",0.0450306799697803
"SLE","Northern","rural/urban merged","n_age_756_762",759,"severe","ppy",0.034702927664675
"SLE","Northern","rural/urban merged","n_age_763_769",766,"severe","ppy",0.0454781320276065
"SLE","Northern","rural/urban merged","n_age_770_776",773,"severe","ppy",0.0911593118740696
"SLE","Northern","rural/urban merged","n_age_777_783",780,"severe","ppy",0.0399896333945189
"SLE","Northern","rural/urban merged","n_age_784_790",787,"severe","ppy",0.0502943091503591
"SLE","Northern","rural/urban merged","n_age_791_797",794,"severe","ppy",0.0465440384717547
"SLE","Northern","rural/urban merged","n_age_798_804",801,"severe","ppy",0.0608550624319281
"SLE","Northern","rural/urban merged","n_age_805_811",808,"severe","ppy",0.0473131940739457
"SLE","Northern","rural/urban merged","n_age_812_818",815,"severe","ppy",0.0388472243079137
"SLE","Northern","rural/urban merged","n_age_819_825",822,"severe","ppy",0.0423250296466043
"SLE","Northern","rural/urban merged","n_age_826_832",829,"severe","ppy",0.0307950181648097
"SLE","Northern","rural/urban merged","n_age_833_839",836,"severe","ppy",0.0604183378511609
"SLE","Northern","rural/urban merged","n_age_840_846",843,"severe","ppy",0.047681374708401
"SLE","Northern","rural/urban merged","n_age_847_853",850,"severe","ppy",0.0566694583238963
"SLE","Northern","rural/urban merged","n_age_854_860",857,"severe","ppy",0.0363420198194001
"SLE","Northern","rural/urban merged","n_age_861_867",864,"severe","ppy",0.0393186437717659
"SLE","Northern","rural/urban merged","n_age_868_874",871,"severe","ppy",0.0344592135404731
"SLE","Northern","rural/urban merged","n_age_875_881",878,"severe","ppy",0.047803193087829
"SLE","Northern","rural/urban merged","n_age_882_888",885,"severe","ppy",0.0318342494534367
"SLE","Northern","rural/urban merged","n_age_889_895",892,"severe","ppy",0.0362839301149254
"SLE","Northern","rural/urban merged","n_age_896_902",899,"severe","ppy",0.0408819266066054
"SLE","Northern","rural/urban merged","n_age_903_909",906,"severe","ppy",0.0317322031487404
"SLE","Northern","rural/urban merged","n_age_910_916",913,"severe","ppy",0.0493490035960299
"SLE","Southern","rural/urban merged","n_age_0_6",3,"clinical","ppy",0.125106053174325
"SLE","Southern","rural/urban merged","n_age_7_13",10,"clinical","ppy",0.139452013432278
"SLE","Southern","rural/urban merged","n_age_14_20",17,"clinical","ppy",0.212641530250173
"SLE","Southern","rural/urban merged","n_age_21_27",24,"clinical","ppy",0.196357357866195
"SLE","Southern","rural/urban merged","n_age_28_34",31,"clinical","ppy",0.206492191395532
"SLE","Southern","rural/urban merged","n_age_35_41",38,"clinical","ppy",0.292984308742842
"SLE","Southern","rural/urban merged","n_age_42_48",45,"clinical","ppy",0.354674241822113
"SLE","Southern","rural/urban merged","n_age_49_55",52,"clinical","ppy",0.329625475643682
"SLE","Southern","rural/urban merged","n_age_56_62",59,"clinical","ppy",0.43707116213598
"SLE","Southern","rural/urban merged","n_age_63_69",66,"clinical","ppy",0.502682200533294
"SLE","Southern","rural/urban merged","n_age_70_76",73,"clinical","ppy",0.616023706038602
"SLE","Southern","rural/urban merged","n_age_77_83",80,"clinical","ppy",0.664992679575594
"SLE","Southern","rural/urban merged","n_age_84_90",87,"clinical","ppy",0.766097886661177
"SLE","Southern","rural/urban merged","n_age_91_97",94,"clinical","ppy",0.755027567006919
"SLE","Southern","rural/urban merged","n_age_98_104",101,"clinical","ppy",1.02088475331624
"SLE","Southern","rural/urban merged","n_age_105_111",108,"clinical","ppy",0.938813619593721
"SLE","Southern","rural/urban merged","n_age_112_118",115,"clinical","ppy",1.09051929356829
"SLE","Southern","rural/urban merged","n_age_119_125",122,"clinical","ppy",1.0953106739726
"SLE","Southern","rural/urban merged","n_age_126_132",129,"clinical","ppy",1.29222405828818
"SLE","Southern","rural/urban merged","n_age_133_139",136,"clinical","ppy",1.34838625249523
"SLE","Southern","rural/urban merged","n_age_140_146",143,"clinical","ppy",1.45584625337654
"SLE","Southern","rural/urban merged","n_age_147_153",150,"clinical","ppy",1.5361045799371
"SLE","Southern","rural/urban merged","n_age_154_160",157,"clinical","ppy",1.72011589365894
"SLE","Southern","rural/urban merged","n_age_161_167",164,"clinical","ppy",1.71464459398635
"SLE","Southern","rural/urban merged","n_age_168_174",171,"clinical","ppy",1.91531516560407
"SLE","Southern","rural/urban merged","n_age_175_181",178,"clinical","ppy",1.91460687618227
"SLE","Southern","rural/urban merged","n_age_182_188",185,"clinical","ppy",1.93429461497578
"SLE","Southern","rural/urban merged","n_age_189_195",192,"clinical","ppy",2.07920031164838
"SLE","Southern","rural/urban merged","n_age_196_202",199,"clinical","ppy",2.15477819857981
"SLE","Southern","rural/urban merged","n_age_203_209",206,"clinical","ppy",2.29566264901062
"SLE","Southern","rural/urban merged","n_age_210_216",213,"clinical","ppy",2.10182858015284
"SLE","Southern","rural/urban merged","n_age_217_223",220,"clinical","ppy",2.29504924591965
"SLE","Southern","rural/urban merged","n_age_224_230",227,"clinical","ppy",2.3263375548807
"SLE","Southern","rural/urban merged","n_age_231_237",234,"clinical","ppy",2.26197901011407
"SLE","Southern","rural/urban merged","n_age_238_244",241,"clinical","ppy",2.4599320836665
"SLE","Southern","rural/urban merged","n_age_245_251",248,"clinical","ppy",2.40391156026486
"SLE","Southern","rural/urban merged","n_age_252_258",255,"clinical","ppy",2.43696559521115
"SLE","Southern","rural/urban merged","n_age_259_265",262,"clinical","ppy",2.46992384214824
"SLE","Southern","rural/urban merged","n_age_266_272",269,"clinical","ppy",2.483869719257
"SLE","Southern","rural/urban merged","n_age_273_279",276,"clinical","ppy",2.610788611578
"SLE","Southern","rural/urban merged","n_age_280_286",283,"clinical","ppy",2.57545606911057
"SLE","Southern","rural/urban merged","n_age_287_293",290,"clinical","ppy",2.61130603104714
"SLE","Southern","rural/urban merged","n_age_294_300",297,"clinical","ppy",2.49771280805935
"SLE","Southern","rural/urban merged","n_age_301_307",304,"clinical","ppy",2.52553617305048
"SLE","Southern","rural/urban merged","n_age_308_314",311,"clinical","ppy",2.52106330754031
"SLE","Southern","rural/urban merged","n_age_315_321",318,"clinical","ppy",2.56729771962379
"SLE","Southern","rural/urban merged","n_age_322_328",325,"clinical","ppy",2.68574007194299
"SLE","Southern","rural/urban merged","n_age_329_335",332,"clinical","ppy",2.70798342244578
"SLE","Southern","rural/urban merged","n_age_336_342",339,"clinical","ppy",2.61653356955709
"SLE","Southern","rural/urban merged","n_age_343_349",346,"clinical","ppy",2.63688266640996
"SLE","Southern","rural/urban merged","n_age_350_356",353,"clinical","ppy",2.6813955186895
"SLE","Southern","rural/urban merged","n_age_357_363",360,"clinical","ppy",2.61696806029315
"SLE","Southern","rural/urban merged","n_age_364_370",367,"clinical","ppy",2.75345114410673
"SLE","Southern","rural/urban merged","n_age_371_377",374,"clinical","ppy",2.62754322698485
"SLE","Southern","rural/urban merged","n_age_378_384",381,"clinical","ppy",2.65203652769319
"SLE","Southern","rural/urban merged","n_age_385_391",388,"clinical","ppy",2.7153639710816
"SLE","Southern","rural/urban merged","n_age_392_398",395,"clinical","ppy",2.61776982518379
"SLE","Southern","rural/urban merged","n_age_399_405",402,"clinical","ppy",2.52694388573582
"SLE","Southern","rural/urban merged","n_age_406_412",409,"clinical","ppy",2.56850263152257
"SLE","Southern","rural/urban merged","n_age_413_419",416,"clinical","ppy",2.69751535331225
"SLE","Southern","rural/urban merged","n_age_420_426",423,"clinical","ppy",2.53742410110113
"SLE","Southern","rural/urban merged","n_age_427_433",430,"clinical","ppy",2.80001338259383
"SLE","Southern","rural/urban merged","n_age_434_440",437,"clinical","ppy",2.63391405981228
"SLE","Southern","rural/urban merged","n_age_441_447",444,"clinical","ppy",2.62048485944639
"SLE","Southern","rural/urban merged","n_age_448_454",451,"clinical","ppy",2.63450105433303
"SLE","Southern","rural/urban merged","n_age_455_461",458,"clinical","ppy",2.66701491104906
"SLE","Southern","rural/urban merged","n_age_462_468",465,"clinical","ppy",2.55654346351272
"SLE","Southern","rural/urban merged","n_age_469_475",472,"clinical","ppy",2.66090240007245
"SLE","Southern","rural/urban merged","n_age_476_482",479,"clinical","ppy",2.73479268386698
"SLE","Southern","rural/urban merged","n_age_483_489",486,"clinical","ppy",2.64392114731348
"SLE","Southern","rural/urban merged","n_age_490_496",493,"clinical","ppy",2.59209227818691
"SLE","Southern","rural/urban merged","n_age_497_503",500,"clinical","ppy",2.65394242047551
"SLE","Southern","rural/urban merged","n_age_504_510",507,"clinical","ppy",2.52879400443911
"SLE","Southern","rural/urban merged","n_age_511_517",514,"clinical","ppy",2.77024291126801
"SLE","Southern","rural/urban merged","n_age_518_524",521,"clinical","ppy",2.62801029122947
"SLE","Southern","rural/urban merged","n_age_525_531",528,"clinical","ppy",2.58421263133007
"SLE","Southern","rural/urban merged","n_age_532_538",535,"clinical","ppy",2.59329598758862
"SLE","Southern","rural/urban merged","n_age_539_545",542,"clinical","ppy",2.66847206979802
"SLE","Southern","rural/urban merged","n_age_546_552",549,"clinical","ppy",2.69023961326295
"SLE","Southern","rural/urban merged","n_age_553_559",556,"clinical","ppy",2.6003463656449
"SLE","Southern","rural/urban merged","n_age_560_566",563,"clinical","ppy",2.65601961060772
"SLE","Southern","rural/urban merged","n_age_567_573",570,"clinical","ppy",2.79171115274817
"SLE","Southern","rural/urban merged","n_age_574_580",577,"clinical","ppy",2.76806518622619
"SLE","Southern","rural/urban merged","n_age_581_587",584,"clinical","ppy",2.60173174266738
"SLE","Southern","rural/urban merged","n_age_588_594",591,"clinical","ppy",2.59582068410705
"SLE","Southern","rural/urban merged","n_age_595_601",598,"clinical","ppy",2.77240142419498
"SLE","Southern","rural/urban merged","n_age_602_608",605,"clinical","ppy",2.65810770341642
"SLE","Southern","rural/urban merged","n_age_609_615",612,"clinical","ppy",2.65479524272795
"SLE","Southern","rural/urban merged","n_age_616_622",619,"clinical","ppy",2.67628863184903
"SLE","Southern","rural/urban merged","n_age_623_629",626,"clinical","ppy",2.78525386689691
"SLE","Southern","rural/urban merged","n_age_630_636",633,"clinical","ppy",2.69314542059978
"SLE","Southern","rural/urban merged","n_age_637_643",640,"clinical","ppy",2.80385128001287
"SLE","Southern","rural/urban merged","n_age_644_650",647,"clinical","ppy",2.82906075293667
"SLE","Southern","rural/urban merged","n_age_651_657",654,"clinical","ppy",2.80482797771922
"SLE","Southern","rural/urban merged","n_age_658_664",661,"clinical","ppy",2.67193857019833
"SLE","Southern","rural/urban merged","n_age_665_671",668,"clinical","ppy",2.78484911423749
"SLE","Southern","rural/urban merged","n_age_672_678",675,"clinical","ppy",2.77924327490254
"SLE","Southern","rural/urban merged","n_age_679_685",682,"clinical","ppy",2.65934610565717
"SLE","Southern","rural/urban merged","n_age_686_692",689,"clinical","ppy",2.86483972315569
"SLE","Southern","rural/urban merged","n_age_693_699",696,"clinical","ppy",2.78710015830842
"SLE","Southern","rural/urban merged","n_age_700_706",703,"clinical","ppy",2.80572697775751
"SLE","Southern","rural/urban merged","n_age_707_713",710,"clinical","ppy",2.54960068096268
"SLE","Southern","rural/urban merged","n_age_714_720",717,"clinical","ppy",2.62389607652829
"SLE","Southern","rural/urban merged","n_age_721_727",724,"clinical","ppy",2.71585630919843
"SLE","Southern","rural/urban merged","n_age_728_734",731,"clinical","ppy",2.75666490136024
"SLE","Southern","rural/urban merged","n_age_735_741",738,"clinical","ppy",2.65138610842965
"SLE","Southern","rural/urban merged","n_age_742_748",745,"clinical","ppy",2.5439488336295
"SLE","Southern","rural/urban merged","n_age_749_755",752,"clinical","ppy",2.64069462479754
"SLE","Southern","rural/urban merged","n_age_756_762",759,"clinical","ppy",2.52041241425814
"SLE","Southern","rural/urban merged","n_age_763_769",766,"clinical","ppy",2.53236560404717
"SLE","Southern","rural/urban merged","n_age_770_776",773,"clinical","ppy",2.65441035847616
"SLE","Southern","rural/urban merged","n_age_777_783",780,"clinical","ppy",2.61056286463013
"SLE","Southern","rural/urban merged","n_age_784_790",787,"clinical","ppy",2.53500755542512
"SLE","Southern","rural/urban merged","n_age_791_797",794,"clinical","ppy",2.52958472099502
"SLE","Southern","rural/urban merged","n_age_798_804",801,"clinical","ppy",2.47616552500015
"SLE","Southern","rural/urban merged","n_age_805_811",808,"clinical","ppy",2.68095153516945
"SLE","Southern","rural/urban merged","n_age_812_818",815,"clinical","ppy",2.54612436539618
"SLE","Southern","rural/urban merged","n_age_819_825",822,"clinical","ppy",2.60414477046882
"SLE","Southern","rural/urban merged","n_age_826_832",829,"clinical","ppy",2.63780924082689
"SLE","Southern","rural/urban merged","n_age_833_839",836,"clinical","ppy",2.60924188274267
"SLE","Southern","rural/urban merged","n_age_840_846",843,"clinical","ppy",2.55026702934814
"SLE","Southern","rural/urban merged","n_age_847_853",850,"clinical","ppy",2.50311139400746
"SLE","Southern","rural/urban merged","n_age_854_860",857,"clinical","ppy",2.43385721733769
"SLE","Southern","rural/urban merged","n_age_861_867",864,"clinical","ppy",2.50475732688261
"SLE","Southern","rural/urban merged","n_age_868_874",871,"clinical","ppy",2.59701793225079
"SLE","Southern","rural/urban merged","n_age_875_881",878,"clinical","ppy",2.52414919337448
"SLE","Southern","rural/urban merged","n_age_882_888",885,"clinical","ppy",2.62166783326622
"SLE","Southern","rural/urban merged","n_age_889_895",892,"clinical","ppy",2.58994889195175
"SLE","Southern","rural/urban merged","n_age_896_902",899,"clinical","ppy",2.46079915485633
"SLE","Southern","rural/urban merged","n_age_903_909",906,"clinical","ppy",2.46400717261969
"SLE","Southern","rural/urban merged","n_age_910_916",913,"clinical","ppy",2.40981254802505
"SLE","Southern","rural/urban merged","n_age_0_6",3,"severe","ppy",0.0125766255307668
"SLE","Southern","rural/urban merged","n_age_7_13",10,"severe","ppy",0.0126013908490725
"SLE","Southern","rural/urban merged","n_age_14_20",17,"severe","ppy",0.00954411453580088
"SLE","Southern","rural/urban merged","n_age_21_27",24,"severe","ppy",0.0164003183189066
"SLE","Southern","rural/urban merged","n_age_28_34",31,"severe","ppy",0.0268555530414114
"SLE","Southern","rural/urban merged","n_age_35_41",38,"severe","ppy",0.0191652857020901
"SLE","Southern","rural/urban merged","n_age_42_48",45,"severe","ppy",0.0319322042227505
"SLE","Southern","rural/urban merged","n_age_49_55",52,"severe","ppy",0.0387487326648058
"SLE","Southern","rural/urban merged","n_age_56_62",59,"severe","ppy",0.021330045102009
"SLE","Southern","rural/urban merged","n_age_63_69",66,"severe","ppy",0.0334398447986317
"SLE","Southern","rural/urban merged","n_age_70_76",73,"severe","ppy",0.0297944799389458
"SLE","Southern","rural/urban merged","n_age_77_83",80,"severe","ppy",0.0346557961507938
"SLE","Southern","rural/urban merged","n_age_84_90",87,"severe","ppy",0.0330614049228635
"SLE","Southern","rural/urban merged","n_age_91_97",94,"severe","ppy",0.0294066642740499
"SLE","Southern","rural/urban merged","n_age_98_104",101,"severe","ppy",0.0551357457461749
"SLE","Southern","rural/urban merged","n_age_105_111",108,"severe","ppy",0.0495641929250077
"SLE","Southern","rural/urban merged","n_age_112_118",115,"severe","ppy",0.0484438240966283
"SLE","Southern","rural/urban merged","n_age_119_125",122,"severe","ppy",0.0437726695201854
"SLE","Southern","rural/urban merged","n_age_126_132",129,"severe","ppy",0.0368432884729836
"SLE","Southern","rural/urban merged","n_age_133_139",136,"severe","ppy",0.074568285565106
"SLE","Southern","rural/urban merged","n_age_140_146",143,"severe","ppy",0.0614622345652644
"SLE","Southern","rural/urban merged","n_age_147_153",150,"severe","ppy",0.0740040619543089
"SLE","Southern","rural/urban merged","n_age_154_160",157,"severe","ppy",0.0955751844723337
"SLE","Southern","rural/urban merged","n_age_161_167",164,"severe","ppy",0.0869757007696349
"SLE","Southern","rural/urban merged","n_age_168_174",171,"severe","ppy",0.0798404276213925
"SLE","Southern","rural/urban merged","n_age_175_181",178,"severe","ppy",0.095748373555419
"SLE","Southern","rural/urban merged","n_age_182_188",185,"severe","ppy",0.0957376563599137
"SLE","Southern","rural/urban merged","n_age_189_195",192,"severe","ppy",0.0778673479014096
"SLE","Southern","rural/urban merged","n_age_196_202",199,"severe","ppy",0.0817521527807878
"SLE","Southern","rural/urban merged","n_age_203_209",206,"severe","ppy",0.0966742916833102
"SLE","Southern","rural/urban merged","n_age_210_216",213,"severe","ppy",0.0947141475947395
"SLE","Southern","rural/urban merged","n_age_217_223",220,"severe","ppy",0.104136473722869
"SLE","Southern","rural/urban merged","n_age_224_230",227,"severe","ppy",0.0874130211785422
"SLE","Southern","rural/urban merged","n_age_231_237",234,"severe","ppy",0.107933516252903
"SLE","Southern","rural/urban merged","n_age_238_244",241,"severe","ppy",0.105534515214742
"SLE","Southern","rural/urban merged","n_age_245_251",248,"severe","ppy",0.124299850646122
"SLE","Southern","rural/urban merged","n_age_252_258",255,"severe","ppy",0.0930199754198891
"SLE","Southern","rural/urban merged","n_age_259_265",262,"severe","ppy",0.084106685582701
"SLE","Southern","rural/urban merged","n_age_266_272",269,"severe","ppy",0.105217458622536
"SLE","Southern","rural/urban merged","n_age_273_279",276,"severe","ppy",0.0948383269261751
"SLE","Southern","rural/urban merged","n_age_280_286",283,"severe","ppy",0.112808030610814
"SLE","Southern","rural/urban merged","n_age_287_293",290,"severe","ppy",0.118851749762935
"SLE","Southern","rural/urban merged","n_age_294_300",297,"severe","ppy",0.0908597848030503
"SLE","Southern","rural/urban merged","n_age_301_307",304,"severe","ppy",0.0787221649425024
"SLE","Southern","rural/urban merged","n_age_308_314",311,"severe","ppy",0.0853329412594891
"SLE","Southern","rural/urban merged","n_age_315_321",318,"severe","ppy",0.0901480582780482
"SLE","Southern","rural/urban merged","n_age_322_328",325,"severe","ppy",0.102422215915341
"SLE","Southern","rural/urban merged","n_age_329_335",332,"severe","ppy",0.08573368082773
"SLE","Southern","rural/urban merged","n_age_336_342",339,"severe","ppy",0.105538370801366
"SLE","Southern","rural/urban merged","n_age_343_349",346,"severe","ppy",0.118980713225919
"SLE","Southern","rural/urban merged","n_age_350_356",353,"severe","ppy",0.12276966011285
"SLE","Southern","rural/urban merged","n_age_357_363",360,"severe","ppy",0.0919459553920177
"SLE","Southern","rural/urban merged","n_age_364_370",367,"severe","ppy",0.0953300478636479
"SLE","Southern","rural/urban merged","n_age_371_377",374,"severe","ppy",0.0976733258119596
"SLE","Southern","rural/urban merged","n_age_378_384",381,"severe","ppy",0.0925421623341647
"SLE","Southern","rural/urban merged","n_age_385_391",388,"severe","ppy",0.111611203094124
"SLE","Southern","rural/urban merged","n_age_392_398",395,"severe","ppy",0.0926346455895461
"SLE","Southern","rural/urban merged","n_age_399_405",402,"severe","ppy",0.098326974944833
"SLE","Southern","rural/urban merged","n_age_406_412",409,"severe","ppy",0.0918200927892773
"SLE","Southern","rural/urban merged","n_age_413_419",416,"severe","ppy",0.114766350285678
"SLE","Southern","rural/urban merged","n_age_420_426",423,"severe","ppy",0.106089158931385
"SLE","Southern","rural/urban merged","n_age_427_433",430,"severe","ppy",0.129734235738216
"SLE","Southern","rural/urban merged","n_age_434_440",437,"severe","ppy",0.0717239990738583
"SLE","Southern","rural/urban merged","n_age_441_447",444,"severe","ppy",0.148299028937652
"SLE","Southern","rural/urban merged","n_age_448_454",451,"severe","ppy",0.0881085518484958
"SLE","Southern","rural/urban merged","n_age_455_461",458,"severe","ppy",0.0999462223255939
"SLE","Southern","rural/urban merged","n_age_462_468",465,"severe","ppy",0.0798406872169276
"SLE","Southern","rural/urban merged","n_age_469_475",472,"severe","ppy",0.0671526797477748
"SLE","Southern","rural/urban merged","n_age_476_482",479,"severe","ppy",0.0953478616746865
"SLE","Southern","rural/urban merged","n_age_483_489",486,"severe","ppy",0.0686345324633701
"SLE","Southern","rural/urban merged","n_age_490_496",493,"severe","ppy",0.0714013752588054
"SLE","Southern","rural/urban merged","n_age_497_503",500,"severe","ppy",0.0578867061105891
"SLE","Southern","rural/urban merged","n_age_504_510",507,"severe","ppy",0.0530638322730476
"SLE","Southern","rural/urban merged","n_age_511_517",514,"severe","ppy",0.0595648851620217
"SLE","Southern","rural/urban merged","n_age_518_524",521,"severe","ppy",0.0922009318094145
"SLE","Southern","rural/urban merged","n_age_525_531",528,"severe","ppy",0.0703008592343498
"SLE","Southern","rural/urban merged","n_age_532_538",535,"severe","ppy",0.073267273422902
"SLE","Southern","rural/urban merged","n_age_539_545",542,"severe","ppy",0.0616278897481913
"SLE","Southern","rural/urban merged","n_age_546_552",549,"severe","ppy",0.0943920298887475
"SLE","Southern","rural/urban merged","n_age_553_559",556,"severe","ppy",0.0685475879827517
"SLE","Southern","rural/urban merged","n_age_560_566",563,"severe","ppy",0.105528278300098
"SLE","Southern","rural/urban merged","n_age_567_573",570,"severe","ppy",0.0842674658572173
"SLE","Southern","rural/urban merged","n_age_574_580",577,"severe","ppy",0.0596349845506527
"SLE","Southern","rural/urban merged","n_age_581_587",584,"severe","ppy",0.0716470632390846
"SLE","Southern","rural/urban merged","n_age_588_594",591,"severe","ppy",0.078060249138521
"SLE","Southern","rural/urban merged","n_age_595_601",598,"severe","ppy",0.0857533952688004
"SLE","Southern","rural/urban merged","n_age_602_608",605,"severe","ppy",0.0892037008474378
"SLE","Southern","rural/urban merged","n_age_609_615",612,"severe","ppy",0.0908495597685822
"SLE","Southern","rural/urban merged","n_age_616_622",619,"severe","ppy",0.0527389846480678
"SLE","Southern","rural/urban merged","n_age_623_629",626,"severe","ppy",0.0789851152286339
"SLE","Southern","rural/urban merged","n_age_630_636",633,"severe","ppy",0.0652019078068926
"SLE","Southern","rural/urban merged","n_age_637_643",640,"severe","ppy",0.0727053796106223
"SLE","Southern","rural/urban merged","n_age_644_650",647,"severe","ppy",0.0695190095221688
"SLE","Southern","rural/urban merged","n_age_651_657",654,"severe","ppy",0.0898664941104526
"SLE","Southern","rural/urban merged","n_age_658_664",661,"severe","ppy",0.0616353705301455
"SLE","Southern","rural/urban merged","n_age_665_671",668,"severe","ppy",0.0866207511481809
"SLE","Southern","rural/urban merged","n_age_672_678",675,"severe","ppy",0.0636553548193015
"SLE","Southern","rural/urban merged","n_age_679_685",682,"severe","ppy",0.0837860580512394
"SLE","Southern","rural/urban merged","n_age_686_692",689,"severe","ppy",0.0498357758442714
"SLE","Southern","rural/urban merged","n_age_693_699",696,"severe","ppy",0.0760185186303658
"SLE","Southern","rural/urban merged","n_age_700_706",703,"severe","ppy",0.0551789893296759
"SLE","Southern","rural/urban merged","n_age_707_713",710,"severe","ppy",0.0664032193995267
"SLE","Southern","rural/urban merged","n_age_714_720",717,"severe","ppy",0.0676998003670823
"SLE","Southern","rural/urban merged","n_age_721_727",724,"severe","ppy",0.056277317359582
"SLE","Southern","rural/urban merged","n_age_728_734",731,"severe","ppy",0.0506098543225592
"SLE","Southern","rural/urban merged","n_age_735_741",738,"severe","ppy",0.0578412422925316
"SLE","Southern","rural/urban merged","n_age_742_748",745,"severe","ppy",0.0637751668225648
"SLE","Southern","rural/urban merged","n_age_749_755",752,"severe","ppy",0.0780489237228229
"SLE","Southern","rural/urban merged","n_age_756_762",759,"severe","ppy",0.059308043962951
"SLE","Southern","rural/urban merged","n_age_763_769",766,"severe","ppy",0.047469262744529
"SLE","Southern","rural/urban merged","n_age_770_776",773,"severe","ppy",0.0688845233171247
"SLE","Southern","rural/urban merged","n_age_777_783",780,"severe","ppy",0.0374189001857984
"SLE","Southern","rural/urban merged","n_age_784_790",787,"severe","ppy",0.0349561733302081
"SLE","Southern","rural/urban merged","n_age_791_797",794,"severe","ppy",0.044745595169089
"SLE","Southern","rural/urban merged","n_age_798_804",801,"severe","ppy",0.0449681500428113
"SLE","Southern","rural/urban merged","n_age_805_811",808,"severe","ppy",0.0564476572338375
"SLE","Southern","rural/urban merged","n_age_812_818",815,"severe","ppy",0.0497582361236958
"SLE","Southern","rural/urban merged","n_age_819_825",822,"severe","ppy",0.0680695157476315
"SLE","Southern","rural/urban merged","n_age_826_832",829,"severe","ppy",0.0540833462679355
"SLE","Southern","rural/urban merged","n_age_833_839",836,"severe","ppy",0.051077073679723
"SLE","Southern","rural/urban merged","n_age_840_846",843,"severe","ppy",0.0546949977318872
"SLE","Southern","rural/urban merged","n_age_847_853",850,"severe","ppy",0.0531544416442715
"SLE","Southern","rural/urban merged","n_age_854_860",857,"severe","ppy",0.0464322412980949
"SLE","Southern","rural/urban merged","n_age_861_867",864,"severe","ppy",0.04141057676928
"SLE","Southern","rural/urban merged","n_age_868_874",871,"severe","ppy",0.0460604670746926
"SLE","Southern","rural/urban merged","n_age_875_881",878,"severe","ppy",0.0432686422250375
"SLE","Southern","rural/urban merged","n_age_882_888",885,"severe","ppy",0.0597879388413137
"SLE","Southern","rural/urban merged","n_age_889_895",892,"severe","ppy",0.0467294766251962
"SLE","Southern","rural/urban merged","n_age_896_902",899,"severe","ppy",0.0378093492383834
"SLE","Southern","rural/urban merged","n_age_903_909",906,"severe","ppy",0.0671469860547578
"SLE","Southern","rural/urban merged","n_age_910_916",913,"severe","ppy",0.0428483949166431
"SLE","Western","rural/urban merged","n_age_0_6",3,"clinical","ppy",0.130891207642616
"SLE","Western","rural/urban merged","n_age_7_13",10,"clinical","ppy",0.181269704044824
"SLE","Western","rural/urban merged","n_age_14_20",17,"clinical","ppy",0.176378584672982
"SLE","Western","rural/urban merged","n_age_21_27",24,"clinical","ppy",0.235197140567602
"SLE","Western","rural/urban merged","n_age_28_34",31,"clinical","ppy",0.260119811512624
"SLE","Western","rural/urban merged","n_age_35_41",38,"clinical","ppy",0.250054065178714
"SLE","Western","rural/urban merged","n_age_42_48",45,"clinical","ppy",0.269039545008111
"SLE","Western","rural/urban merged","n_age_49_55",52,"clinical","ppy",0.338667889092758
"SLE","Western","rural/urban merged","n_age_56_62",59,"clinical","ppy",0.379250386060901
"SLE","Western","rural/urban merged","n_age_63_69",66,"clinical","ppy",0.443795667624138
"SLE","Western","rural/urban merged","n_age_70_76",73,"clinical","ppy",0.479798835874315
"SLE","Western","rural/urban merged","n_age_77_83",80,"clinical","ppy",0.561920987788563
"SLE","Western","rural/urban merged","n_age_84_90",87,"clinical","ppy",0.55639970850585
"SLE","Western","rural/urban merged","n_age_91_97",94,"clinical","ppy",0.618478322618635
"SLE","Western","rural/urban merged","n_age_98_104",101,"clinical","ppy",0.642452527591622
"SLE","Western","rural/urban merged","n_age_105_111",108,"clinical","ppy",0.753221980211765
"SLE","Western","rural/urban merged","n_age_112_118",115,"clinical","ppy",0.775810922151474
"SLE","Western","rural/urban merged","n_age_119_125",122,"clinical","ppy",0.933662190822965
"SLE","Western","rural/urban merged","n_age_126_132",129,"clinical","ppy",0.883093284578845
"SLE","Western","rural/urban merged","n_age_133_139",136,"clinical","ppy",0.854526283388707
"SLE","Western","rural/urban merged","n_age_140_146",143,"clinical","ppy",0.940848561272421
"SLE","Western","rural/urban merged","n_age_147_153",150,"clinical","ppy",0.923034045822783
"SLE","Western","rural/urban merged","n_age_154_160",157,"clinical","ppy",1.03842307036543
"SLE","Western","rural/urban merged","n_age_161_167",164,"clinical","ppy",1.0867543230845
"SLE","Western","rural/urban merged","n_age_168_174",171,"clinical","ppy",1.02642627117778
"SLE","Western","rural/urban merged","n_age_175_181",178,"clinical","ppy",1.14629030622505
"SLE","Western","rural/urban merged","n_age_182_188",185,"clinical","ppy",1.07601742987203
"SLE","Western","rural/urban merged","n_age_189_195",192,"clinical","ppy",0.996654004649127
"SLE","Western","rural/urban merged","n_age_196_202",199,"clinical","ppy",1.19559757378048
"SLE","Western","rural/urban merged","n_age_203_209",206,"clinical","ppy",1.17173570817602
"SLE","Western","rural/urban merged","n_age_210_216",213,"clinical","ppy",1.19933034206147
"SLE","Western","rural/urban merged","n_age_217_223",220,"clinical","ppy",1.29984821471495
"SLE","Western","rural/urban merged","n_age_224_230",227,"clinical","ppy",1.20917029451278
"SLE","Western","rural/urban merged","n_age_231_237",234,"clinical","ppy",1.17055772286635
"SLE","Western","rural/urban merged","n_age_238_244",241,"clinical","ppy",1.24769294560851
"SLE","Western","rural/urban merged","n_age_245_251",248,"clinical","ppy",1.18980910638911
"SLE","Western","rural/urban merged","n_age_252_258",255,"clinical","ppy",1.27792652171008
"SLE","Western","rural/urban merged","n_age_259_265",262,"clinical","ppy",1.2974003258399
"SLE","Western","rural/urban merged","n_age_266_272",269,"clinical","ppy",1.31134562945774
"SLE","Western","rural/urban merged","n_age_273_279",276,"clinical","ppy",1.41904801675952
"SLE","Western","rural/urban merged","n_age_280_286",283,"clinical","ppy",1.37088832074057
"SLE","Western","rural/urban merged","n_age_287_293",290,"clinical","ppy",1.37286225107383
"SLE","Western","rural/urban merged","n_age_294_300",297,"clinical","ppy",1.38371029455312
"SLE","Western","rural/urban merged","n_age_301_307",304,"clinical","ppy",1.33504219707242
"SLE","Western","rural/urban merged","n_age_308_314",311,"clinical","ppy",1.39930129293614
"SLE","Western","rural/urban merged","n_age_315_321",318,"clinical","ppy",1.39916183279383
"SLE","Western","rural/urban merged","n_age_322_328",325,"clinical","ppy",1.4233975321344
"SLE","Western","rural/urban merged","n_age_329_335",332,"clinical","ppy",1.28147611651294
"SLE","Western","rural/urban merged","n_age_336_342",339,"clinical","ppy",1.38568177852176
"SLE","Western","rural/urban merged","n_age_343_349",346,"clinical","ppy",1.39993326149114
"SLE","Western","rural/urban merged","n_age_350_356",353,"clinical","ppy",1.51572289932403
"SLE","Western","rural/urban merged","n_age_357_363",360,"clinical","ppy",1.43522633549719
"SLE","Western","rural/urban merged","n_age_364_370",367,"clinical","ppy",1.33005993766259
"SLE","Western","rural/urban merged","n_age_371_377",374,"clinical","ppy",1.36368026163889
"SLE","Western","rural/urban merged","n_age_378_384",381,"clinical","ppy",1.43826556408043
"SLE","Western","rural/urban merged","n_age_385_391",388,"clinical","ppy",1.48087980795614
"SLE","Western","rural/urban merged","n_age_392_398",395,"clinical","ppy",1.34737231173648
"SLE","Western","rural/urban merged","n_age_399_405",402,"clinical","ppy",1.47464942662016
"SLE","Western","rural/urban merged","n_age_406_412",409,"clinical","ppy",1.41802762282421
"SLE","Western","rural/urban merged","n_age_413_419",416,"clinical","ppy",1.49190533159197
"SLE","Western","rural/urban merged","n_age_420_426",423,"clinical","ppy",1.47249462221022
"SLE","Western","rural/urban merged","n_age_427_433",430,"clinical","ppy",1.59269819542031
"SLE","Western","rural/urban merged","n_age_434_440",437,"clinical","ppy",1.39842821065928
"SLE","Western","rural/urban merged","n_age_441_447",444,"clinical","ppy",1.43251462949965
"SLE","Western","rural/urban merged","n_age_448_454",451,"clinical","ppy",1.3990852781845
"SLE","Western","rural/urban merged","n_age_455_461",458,"clinical","ppy",1.50884528217614
"SLE","Western","rural/urban merged","n_age_462_468",465,"clinical","ppy",1.39724082184318
"SLE","Western","rural/urban merged","n_age_469_475",472,"clinical","ppy",1.39396668838188
"SLE","Western","rural/urban merged","n_age_476_482",479,"clinical","ppy",1.48168064727294
"SLE","Western","rural/urban merged","n_age_483_489",486,"clinical","ppy",1.62479094376948
"SLE","Western","rural/urban merged","n_age_490_496",493,"clinical","ppy",1.46764695236998
"SLE","Western","rural/urban merged","n_age_497_503",500,"clinical","ppy",1.51831460932134
"SLE","Western","rural/urban merged","n_age_504_510",507,"clinical","ppy",1.44139068311584
"SLE","Western","rural/urban merged","n_age_511_517",514,"clinical","ppy",1.4415131747995
"SLE","Western","rural/urban merged","n_age_518_524",521,"clinical","ppy",1.58523340637201
"SLE","Western","rural/urban merged","n_age_525_531",528,"clinical","ppy",1.58839623967468
"SLE","Western","rural/urban merged","n_age_532_538",535,"clinical","ppy",1.53174733779634
"SLE","Western","rural/urban merged","n_age_539_545",542,"clinical","ppy",1.46098096454159
"SLE","Western","rural/urban merged","n_age_546_552",549,"clinical","ppy",1.471506767973
"SLE","Western","rural/urban merged","n_age_553_559",556,"clinical","ppy",1.64454468987664
"SLE","Western","rural/urban merged","n_age_560_566",563,"clinical","ppy",1.40878775847485
"SLE","Western","rural/urban merged","n_age_567_573",570,"clinical","ppy",1.68221069834904
"SLE","Western","rural/urban merged","n_age_574_580",577,"clinical","ppy",1.64175402475462
"SLE","Western","rural/urban merged","n_age_581_587",584,"clinical","ppy",1.60729341144593
"SLE","Western","rural/urban merged","n_age_588_594",591,"clinical","ppy",1.56000570218837
"SLE","Western","rural/urban merged","n_age_595_601",598,"clinical","ppy",1.42551223202379
"SLE","Western","rural/urban merged","n_age_602_608",605,"clinical","ppy",1.50635952046494
"SLE","Western","rural/urban merged","n_age_609_615",612,"clinical","ppy",1.49014721616847
"SLE","Western","rural/urban merged","n_age_616_622",619,"clinical","ppy",1.49397299495412
"SLE","Western","rural/urban merged","n_age_623_629",626,"clinical","ppy",1.58561834165431
"SLE","Western","rural/urban merged","n_age_630_636",633,"clinical","ppy",1.55539854889447
"SLE","Western","rural/urban merged","n_age_637_643",640,"clinical","ppy",1.59510120144102
"SLE","Western","rural/urban merged","n_age_644_650",647,"clinical","ppy",1.51051522229608
"SLE","Western","rural/urban merged","n_age_651_657",654,"clinical","ppy",1.68679552178042
"SLE","Western","rural/urban merged","n_age_658_664",661,"clinical","ppy",1.57191991258517
"SLE","Western","rural/urban merged","n_age_665_671",668,"clinical","ppy",1.61986852333642
"SLE","Western","rural/urban merged","n_age_672_678",675,"clinical","ppy",1.60353339799973
"SLE","Western","rural/urban merged","n_age_679_685",682,"clinical","ppy",1.54216133146087
"SLE","Western","rural/urban merged","n_age_686_692",689,"clinical","ppy",1.58652747220694
"SLE","Western","rural/urban merged","n_age_693_699",696,"clinical","ppy",1.70051714212938
"SLE","Western","rural/urban merged","n_age_700_706",703,"clinical","ppy",1.56985840407464
"SLE","Western","rural/urban merged","n_age_707_713",710,"clinical","ppy",1.50148742211109
"SLE","Western","rural/urban merged","n_age_714_720",717,"clinical","ppy",1.67187791352132
"SLE","Western","rural/urban merged","n_age_721_727",724,"clinical","ppy",1.604251284944
"SLE","Western","rural/urban merged","n_age_728_734",731,"clinical","ppy",1.50895836852513
"SLE","Western","rural/urban merged","n_age_735_741",738,"clinical","ppy",1.4916012509188
"SLE","Western","rural/urban merged","n_age_742_748",745,"clinical","ppy",1.56147840898286
"SLE","Western","rural/urban merged","n_age_749_755",752,"clinical","ppy",1.73819339635386
"SLE","Western","rural/urban merged","n_age_756_762",759,"clinical","ppy",1.50112169070918
"SLE","Western","rural/urban merged","n_age_763_769",766,"clinical","ppy",1.73910894065129
"SLE","Western","rural/urban merged","n_age_770_776",773,"clinical","ppy",1.7139981559583
"SLE","Western","rural/urban merged","n_age_777_783",780,"clinical","ppy",1.55021368563765
"SLE","Western","rural/urban merged","n_age_784_790",787,"clinical","ppy",1.58019622796876
"SLE","Western","rural/urban merged","n_age_791_797",794,"clinical","ppy",1.70504449792817
"SLE","Western","rural/urban merged","n_age_798_804",801,"clinical","ppy",1.4555073869059
"SLE","Western","rural/urban merged","n_age_805_811",808,"clinical","ppy",1.64561574825097
"SLE","Western","rural/urban merged","n_age_812_818",815,"clinical","ppy",1.59726677032246
"SLE","Western","rural/urban merged","n_age_819_825",822,"clinical","ppy",1.6849185646127
"SLE","Western","rural/urban merged","n_age_826_832",829,"clinical","ppy",1.63912220915496
"SLE","Western","rural/urban merged","n_age_833_839",836,"clinical","ppy",1.53535808854714
"SLE","Western","rural/urban merged","n_age_840_846",843,"clinical","ppy",1.55877772053512
"SLE","Western","rural/urban merged","n_age_847_853",850,"clinical","ppy",1.50053075430854
"SLE","Western","rural/urban merged","n_age_854_860",857,"clinical","ppy",1.67904993740508
"SLE","Western","rural/urban merged","n_age_861_867",864,"clinical","ppy",1.44769364680291
"SLE","Western","rural/urban merged","n_age_868_874",871,"clinical","ppy",1.64983667211776
"SLE","Western","rural/urban merged","n_age_875_881",878,"clinical","ppy",1.62529138950663
"SLE","Western","rural/urban merged","n_age_882_888",885,"clinical","ppy",1.69481414671654
"SLE","Western","rural/urban merged","n_age_889_895",892,"clinical","ppy",1.47001961081147
"SLE","Western","rural/urban merged","n_age_896_902",899,"clinical","ppy",1.54362082778446
"SLE","Western","rural/urban merged","n_age_903_909",906,"clinical","ppy",1.68267951425982
"SLE","Western","rural/urban merged","n_age_910_916",913,"clinical","ppy",1.58833492540527
"SLE","Western","rural/urban merged","n_age_0_6",3,"severe","ppy",0.0133087200033785
"SLE","Western","rural/urban merged","n_age_7_13",10,"severe","ppy",0.00767155819452347
"SLE","Western","rural/urban merged","n_age_14_20",17,"severe","ppy",0.0117332528308903
"SLE","Western","rural/urban merged","n_age_21_27",24,"severe","ppy",0.000630524848664648
"SLE","Western","rural/urban merged","n_age_28_34",31,"severe","ppy",0.0118552829042593
"SLE","Western","rural/urban merged","n_age_35_41",38,"severe","ppy",0.00792320334386756
"SLE","Western","rural/urban merged","n_age_42_48",45,"severe","ppy",0.0227431393521597
"SLE","Western","rural/urban merged","n_age_49_55",52,"severe","ppy",0.0120365214324507
"SLE","Western","rural/urban merged","n_age_56_62",59,"severe","ppy",0.0308466444075105
"SLE","Western","rural/urban merged","n_age_63_69",66,"severe","ppy",0.0240834485246635
"SLE","Western","rural/urban merged","n_age_70_76",73,"severe","ppy",0.0274405726975999
"SLE","Western","rural/urban merged","n_age_77_83",80,"severe","ppy",0.0239665620891414
"SLE","Western","rural/urban merged","n_age_84_90",87,"severe","ppy",0.0237481562757987
"SLE","Western","rural/urban merged","n_age_91_97",94,"severe","ppy",0.0198640989000403
"SLE","Western","rural/urban merged","n_age_98_104",101,"severe","ppy",0.0303742206174394
"SLE","Western","rural/urban merged","n_age_105_111",108,"severe","ppy",0.0315155360011633
"SLE","Western","rural/urban merged","n_age_112_118",115,"severe","ppy",0.0541997159365055
"SLE","Western","rural/urban merged","n_age_119_125",122,"severe","ppy",0.036619850227252
"SLE","Western","rural/urban merged","n_age_126_132",129,"severe","ppy",0.0327339726842768
"SLE","Western","rural/urban merged","n_age_133_139",136,"severe","ppy",0.0551143873532042
"SLE","Western","rural/urban merged","n_age_140_146",143,"severe","ppy",0.0476821500405159
"SLE","Western","rural/urban merged","n_age_147_153",150,"severe","ppy",0.0448618468419534
"SLE","Western","rural/urban merged","n_age_154_160",157,"severe","ppy",0.0629021589427616
"SLE","Western","rural/urban merged","n_age_161_167",164,"severe","ppy",0.0646564221170901
"SLE","Western","rural/urban merged","n_age_168_174",171,"severe","ppy",0.0593123811696807
"SLE","Western","rural/urban merged","n_age_175_181",178,"severe","ppy",0.0939669009152393
"SLE","Western","rural/urban merged","n_age_182_188",185,"severe","ppy",0.0557239082579708
"SLE","Western","rural/urban merged","n_age_189_195",192,"severe","ppy",0.0559446165547241
"SLE","Western","rural/urban merged","n_age_196_202",199,"severe","ppy",0.0739336964661498
"SLE","Western","rural/urban merged","n_age_203_209",206,"severe","ppy",0.0643468471218028
"SLE","Western","rural/urban merged","n_age_210_216",213,"severe","ppy",0.0823316247564607
"SLE","Western","rural/urban merged","n_age_217_223",220,"severe","ppy",0.074276554155424
"SLE","Western","rural/urban merged","n_age_224_230",227,"severe","ppy",0.10050206167226
"SLE","Western","rural/urban merged","n_age_231_237",234,"severe","ppy",0.0477921009601913
"SLE","Western","rural/urban merged","n_age_238_244",241,"severe","ppy",0.0573061274364347
"SLE","Western","rural/urban merged","n_age_245_251",248,"severe","ppy",0.0805373770427929
"SLE","Western","rural/urban merged","n_age_252_258",255,"severe","ppy",0.0481900971109616
"SLE","Western","rural/urban merged","n_age_259_265",262,"severe","ppy",0.0678819131928661
"SLE","Western","rural/urban merged","n_age_266_272",269,"severe","ppy",0.0454775377852286
"SLE","Western","rural/urban merged","n_age_273_279",276,"severe","ppy",0.0691243942610976
"SLE","Western","rural/urban merged","n_age_280_286",283,"severe","ppy",0.087463679219156
"SLE","Western","rural/urban merged","n_age_287_293",290,"severe","ppy",0.0681270527614093
"SLE","Western","rural/urban merged","n_age_294_300",297,"severe","ppy",0.0841145517020083
"SLE","Western","rural/urban merged","n_age_301_307",304,"severe","ppy",0.0582997858228055
"SLE","Western","rural/urban merged","n_age_308_314",311,"severe","ppy",0.0572161258298565
"SLE","Western","rural/urban merged","n_age_315_321",318,"severe","ppy",0.0776792916518433
"SLE","Western","rural/urban merged","n_age_322_328",325,"severe","ppy",0.0734505779361823
"SLE","Western","rural/urban merged","n_age_329_335",332,"severe","ppy",0.0637219976866424
"SLE","Western","rural/urban merged","n_age_336_342",339,"severe","ppy",0.0771637920609226
"SLE","Western","rural/urban merged","n_age_343_349",346,"severe","ppy",0.0943179126128314
"SLE","Western","rural/urban merged","n_age_350_356",353,"severe","ppy",0.0631832958896186
"SLE","Western","rural/urban merged","n_age_357_363",360,"severe","ppy",0.0706648603933887
"SLE","Western","rural/urban merged","n_age_364_370",367,"severe","ppy",0.0825555492894303
"SLE","Western","rural/urban merged","n_age_371_377",374,"severe","ppy",0.0845406309445397
"SLE","Western","rural/urban merged","n_age_378_384",381,"severe","ppy",0.0838427258181693
"SLE","Western","rural/urban merged","n_age_385_391",388,"severe","ppy",0.08634560210353
"SLE","Western","rural/urban merged","n_age_392_398",395,"severe","ppy",0.0696571707034569
"SLE","Western","rural/urban merged","n_age_399_405",402,"severe","ppy",0.083977162594912
"SLE","Western","rural/urban merged","n_age_406_412",409,"severe","ppy",0.0703588718182204
"SLE","Western","rural/urban merged","n_age_413_419",416,"severe","ppy",0.0617808880376324
"SLE","Western","rural/urban merged","n_age_420_426",423,"severe","ppy",0.0519480329629833
"SLE","Western","rural/urban merged","n_age_427_433",430,"severe","ppy",0.075949438101914
"SLE","Western","rural/urban merged","n_age_434_440",437,"severe","ppy",0.0515674920318889
"SLE","Western","rural/urban merged","n_age_441_447",444,"severe","ppy",0.0484023891160412
"SLE","Western","rural/urban merged","n_age_448_454",451,"severe","ppy",0.0593745303877585
"SLE","Western","rural/urban merged","n_age_455_461",458,"severe","ppy",0.102493985919438
"SLE","Western","rural/urban merged","n_age_462_468",465,"severe","ppy",0.0868402220481592
"SLE","Western","rural/urban merged","n_age_469_475",472,"severe","ppy",0.0594225436234039
"SLE","Western","rural/urban merged","n_age_476_482",479,"severe","ppy",0.0594948175375743
"SLE","Western","rural/urban merged","n_age_483_489",486,"severe","ppy",0.0875673168088034
"SLE","Western","rural/urban merged","n_age_490_496",493,"severe","ppy",0.0716750643528037
"SLE","Western","rural/urban merged","n_age_497_503",500,"severe","ppy",0.0660026846799662
"SLE","Western","rural/urban merged","n_age_504_510",507,"severe","ppy",0.0638814293014904
"SLE","Western","rural/urban merged","n_age_511_517",514,"severe","ppy",0.0541895003862005
"SLE","Western","rural/urban merged","n_age_518_524",521,"severe","ppy",0.093679583010921
"SLE","Western","rural/urban merged","n_age_525_531",528,"severe","ppy",0.0729653409126289
"SLE","Western","rural/urban merged","n_age_532_538",535,"severe","ppy",0.0444116938635283
"SLE","Western","rural/urban merged","n_age_539_545",542,"severe","ppy",0.0544931326464545
"SLE","Western","rural/urban merged","n_age_546_552",549,"severe","ppy",0.0621935860411662
"SLE","Western","rural/urban merged","n_age_553_559",556,"severe","ppy",0.0611142319647886
"SLE","Western","rural/urban merged","n_age_560_566",563,"severe","ppy",0.0617341799086731
"SLE","Western","rural/urban merged","n_age_567_573",570,"severe","ppy",0.0798160014181653
"SLE","Western","rural/urban merged","n_age_574_580",577,"severe","ppy",0.0743974453546143
"SLE","Western","rural/urban merged","n_age_581_587",584,"severe","ppy",0.0725478033612248
"SLE","Western","rural/urban merged","n_age_588_594",591,"severe","ppy",0.0511385843771758
"SLE","Western","rural/urban merged","n_age_595_601",598,"severe","ppy",0.0686802007223181
"SLE","Western","rural/urban merged","n_age_602_608",605,"severe","ppy",0.0570383608462567
"SLE","Western","rural/urban merged","n_age_609_615",612,"severe","ppy",0.0635401860254065
"SLE","Western","rural/urban merged","n_age_616_622",619,"severe","ppy",0.0607733879458256
"SLE","Western","rural/urban merged","n_age_623_629",626,"severe","ppy",0.0502748412238205
"SLE","Western","rural/urban merged","n_age_630_636",633,"severe","ppy",0.0538478760383879
"SLE","Western","rural/urban merged","n_age_637_643",640,"severe","ppy",0.060854455995118
"SLE","Western","rural/urban merged","n_age_644_650",647,"severe","ppy",0.0575996349609044
"SLE","Western","rural/urban merged","n_age_651_657",654,"severe","ppy",0.0373855145560622
"SLE","Western","rural/urban merged","n_age_658_664",661,"severe","ppy",0.0618492835974401
"SLE","Western","rural/urban merged","n_age_665_671",668,"severe","ppy",0.0704965005346826
"SLE","Western","rural/urban merged","n_age_672_678",675,"severe","ppy",0.0684873432588926
"SLE","Western","rural/urban merged","n_age_679_685",682,"severe","ppy",0.0602754248308932
"SLE","Western","rural/urban merged","n_age_686_692",689,"severe","ppy",0.0671600672675742
"SLE","Western","rural/urban merged","n_age_693_699",696,"severe","ppy",0.079490017539456
"SLE","Western","rural/urban merged","n_age_700_706",703,"severe","ppy",0.0359498975406252
"SLE","Western","rural/urban merged","n_age_707_713",710,"severe","ppy",0.0375693661061029
"SLE","Western","rural/urban merged","n_age_714_720",717,"severe","ppy",0.0542364372249517
"SLE","Western","rural/urban merged","n_age_721_727",724,"severe","ppy",0.0694729001647733
"SLE","Western","rural/urban merged","n_age_728_734",731,"severe","ppy",0.043462906244487
"SLE","Western","rural/urban merged","n_age_735_741",738,"severe","ppy",0.0645421178082388
"SLE","Western","rural/urban merged","n_age_742_748",745,"severe","ppy",0.0490907550488007
"SLE","Western","rural/urban merged","n_age_749_755",752,"severe","ppy",0.0586891213155299
"SLE","Western","rural/urban merged","n_age_756_762",759,"severe","ppy",0.0549745882361195
"SLE","Western","rural/urban merged","n_age_763_769",766,"severe","ppy",0.0349130322834712
"SLE","Western","rural/urban merged","n_age_770_776",773,"severe","ppy",0.0420485233703045
"SLE","Western","rural/urban merged","n_age_777_783",780,"severe","ppy",0.0549514737886421
"SLE","Western","rural/urban merged","n_age_784_790",787,"severe","ppy",0.0575687094060323
"SLE","Western","rural/urban merged","n_age_791_797",794,"severe","ppy",0.0548975744348304
"SLE","Western","rural/urban merged","n_age_798_804",801,"severe","ppy",0.0389458019774468
"SLE","Western","rural/urban merged","n_age_805_811",808,"severe","ppy",0.0494624862356103
"SLE","Western","rural/urban merged","n_age_812_818",815,"severe","ppy",0.0382894776180298
"SLE","Western","rural/urban merged","n_age_819_825",822,"severe","ppy",0.0313624236301725
"SLE","Western","rural/urban merged","n_age_826_832",829,"severe","ppy",0.0509451143302334
"SLE","Western","rural/urban merged","n_age_833_839",836,"severe","ppy",0.047339801169997
"SLE","Western","rural/urban merged","n_age_840_846",843,"severe","ppy",0.0273009870798091
"SLE","Western","rural/urban merged","n_age_847_853",850,"severe","ppy",0.0245986536815433
"SLE","Western","rural/urban merged","n_age_854_860",857,"severe","ppy",0.0393598787336821
"SLE","Western","rural/urban merged","n_age_861_867",864,"severe","ppy",0.0646629954061418
"SLE","Western","rural/urban merged","n_age_868_874",871,"severe","ppy",0.0490411673062711
"SLE","Western","rural/urban merged","n_age_875_881",878,"severe","ppy",0.0280530442982871
"SLE","Western","rural/urban merged","n_age_882_888",885,"severe","ppy",0.0529473450961787
"SLE","Western","rural/urban merged","n_age_889_895",892,"severe","ppy",0.0533602506932538
"SLE","Western","rural/urban merged","n_age_896_902",899,"severe","ppy",0.0267698293345479
"SLE","Western","rural/urban merged","n_age_903_909",906,"severe","ppy",0.0502837241195438
"SLE","Western","rural/urban merged","n_age_910_916",913,"severe","ppy",0.0546324758517248
